Date,Open,High,Low,Close,Adj Close,Volume
2010-03-11,0.6425,0.6605,0.6425,0.6605,0.600864,3702000
2010-03-12,0.661,0.665333,0.644167,0.644167,0.586006,4548000
2010-03-15,0.631167,0.638,0.614167,0.623833,0.567508,534000
2010-03-16,0.631667,0.675167,0.630667,0.6745,0.6136,1260000
2010-03-17,0.7,0.707,0.686167,0.698833,0.635736,2610000
2010-03-18,0.698833,0.700833,0.672167,0.681833,0.620271,1584000
2010-03-19,0.673333,0.673667,0.639667,0.650833,0.59207,1596000
2010-03-22,0.638,0.700333,0.634333,0.697833,0.634826,3804000
2010-03-23,0.707667,0.7455,0.707333,0.742833,0.675763,6114000
2010-03-24,0.735667,0.735667,0.698,0.701667,0.638314,2034000
2010-03-25,0.732,0.7425,0.6975,0.698167,0.63513,2034000
2010-03-26,0.716833,0.7205,0.6735,0.687167,0.625123,2322000
2010-03-29,0.709333,0.713667,0.700667,0.705667,0.641953,1380000
2010-03-30,0.716667,0.726667,0.698167,0.719167,0.654234,1920000
2010-03-31,0.724667,0.73,0.704167,0.708,0.644075,1080000
2010-04-01,0.727833,0.757167,0.6985,0.710333,0.646198,1644000
2010-04-05,0.737333,0.773333,0.690167,0.7705,0.700932,1500000
2010-04-06,0.755833,0.769667,0.747167,0.758833,0.690319,1998000
2010-04-07,0.762833,0.782167,0.741833,0.766333,0.697141,3414000
2010-04-08,0.7525,0.7525,0.714667,0.739167,0.672428,4470000
2010-04-09,0.747667,0.759167,0.730667,0.758833,0.690319,1254000
2010-04-12,0.770333,0.7975,0.761167,0.777833,0.707603,2400000
2010-04-13,0.782167,0.796667,0.772167,0.792833,0.721249,2904000
2010-04-14,0.842,0.897667,0.842,0.894833,0.814039,6504000
2010-04-15,0.910833,0.923167,0.892333,0.9025,0.821014,12666000
2010-04-16,0.891667,0.891667,0.8285,0.869167,0.790691,4452000
2010-04-19,0.84,0.8655,0.791833,0.839833,0.764005,5712000
2010-04-20,0.864333,0.886667,0.858333,0.8805,0.801,2922000
2010-04-21,0.886667,0.906167,0.814,0.853,0.775983,5772000
2010-04-22,0.836333,0.904,0.797333,0.901167,0.819801,6594000
2010-04-23,0.916,0.916,0.868667,0.905167,0.82344,3600000
2010-04-26,0.913333,0.938,0.906833,0.913167,0.830718,3846000
2010-04-27,0.875,0.9065,0.816,0.818667,0.74475,5112000
2010-04-28,0.835333,0.879167,0.7935,0.835,0.759609,6864000
2010-04-29,0.835333,0.866667,0.8255,0.863667,0.785687,5838000
2010-04-30,0.841667,0.841667,0.745333,0.747167,0.679706,10104000
2010-05-03,0.757667,0.814,0.757667,0.802167,0.72974,4926000
2010-05-04,0.7855,0.7855,0.661333,0.696,0.633159,19164000
2010-05-05,0.685,0.705833,0.6415,0.673667,0.612842,7920000
2010-05-06,0.666667,0.695667,0.416667,0.616333,0.560685,17448000
2010-05-07,0.6,0.618167,0.514333,0.578833,0.526571,12372000
2010-05-10,0.68,0.682667,0.646833,0.68,0.618603,7206000
2010-05-11,0.643667,0.7025,0.6355,0.667,0.606777,27720000
2010-05-12,0.678,0.724667,0.678,0.721167,0.656053,42330000
2010-05-13,0.701833,0.730833,0.6555,0.664667,0.604655,28992000
2010-05-14,0.649,0.649,0.567667,0.604,0.549466,15846000
2010-05-17,0.591167,0.634833,0.57,0.629,0.572208,19140000
2010-05-18,0.6445,0.655333,0.569167,0.577667,0.52551,16128000
2010-05-19,0.574833,0.604167,0.546667,0.586833,0.533848,21306000
2010-05-20,0.541667,0.576167,0.504333,0.539,0.490334,10638000
2010-05-21,0.516667,0.599,0.503833,0.574167,0.522326,11220000
2010-05-24,0.562833,0.584833,0.540333,0.540333,0.491547,10944000
2010-05-25,0.494333,0.552667,0.475,0.5525,0.502615,10818000
2010-05-26,0.580333,0.603667,0.5465,0.549667,0.500038,14250000
2010-05-27,0.592333,0.634167,0.584,0.633333,0.57615,10578000
2010-05-28,0.640667,0.640667,0.577167,0.602833,0.548404,9288000
2010-06-01,0.599,0.621167,0.561833,0.561833,0.511106,4530000
2010-06-02,0.581833,0.6225,0.564167,0.621833,0.565688,11094000
2010-06-03,0.633,0.653,0.615,0.645667,0.58737,9102000
2010-06-04,0.629,0.6305,0.5525,0.561667,0.510955,13650000
2010-06-07,0.569833,0.578,0.495,0.499,0.453946,18312000
2010-06-08,0.501833,0.504167,0.456833,0.4935,0.448942,12504000
2010-06-09,0.507,0.5385,0.4775,0.483667,0.439997,8634000
2010-06-10,0.509333,0.538667,0.5015,0.536833,0.488363,9504000
2010-06-11,0.518,0.562167,0.513333,0.559833,0.509286,6510000
2010-06-14,0.586833,0.6025,0.569167,0.5705,0.51899,6924000
2010-06-15,0.583333,0.669667,0.583333,0.6655,0.605412,14508000
2010-06-16,0.651333,0.689667,0.634,0.674667,0.613752,14226000
2010-06-17,0.688,0.6895,0.636167,0.670333,0.609809,8724000
2010-06-18,0.6735,0.6825,0.656667,0.665833,0.605715,4656000
2010-06-21,0.695667,0.713167,0.636,0.648167,0.589645,9054000
2010-06-22,0.651333,0.677,0.608333,0.614,0.558562,9888000
2010-06-23,0.62,0.6425,0.5865,0.619333,0.563414,8076000
2010-06-24,0.6085,0.610667,0.557833,0.565333,0.51429,11754000
2010-06-25,0.571833,0.5735,0.536667,0.567167,0.515958,8718000
2010-06-28,0.5615,0.592333,0.552833,0.573833,0.522022,4248000
2010-06-29,0.544667,0.544667,0.485833,0.495667,0.450914,23970000
2010-06-30,0.4985,0.514667,0.467667,0.471667,0.429081,10842000
2010-07-01,0.475,0.486333,0.4345,0.4735,0.430748,10716000
2010-07-02,0.4745,0.4815,0.444333,0.467667,0.425442,7032000
2010-07-06,0.495667,0.505,0.454833,0.466833,0.424683,24060000
2010-07-07,0.467,0.541,0.467,0.540167,0.491396,13650000
2010-07-08,0.560167,0.560167,0.510667,0.536167,0.487757,14706000
2010-07-09,0.5385,0.556333,0.527167,0.554667,0.504587,7512000
2010-07-12,0.557333,0.582167,0.551,0.575833,0.523842,8718000
2010-07-13,0.596667,0.618667,0.586333,0.612833,0.557501,11688000
2010-07-14,0.64,0.646667,0.595333,0.607167,0.552346,16902000
2010-07-15,0.599,0.605667,0.568,0.599333,0.54522,11166000
2010-07-16,0.588333,0.592333,0.541333,0.542333,0.493366,7878000
2010-07-19,0.5595,0.5855,0.547167,0.583333,0.530664,7908000
2010-07-20,0.5395,0.585167,0.519667,0.585,0.532181,14142000
2010-07-21,0.596167,0.596167,0.545667,0.5495,0.499886,10890000
2010-07-22,0.558333,0.611667,0.558333,0.599833,0.545675,10308000
2010-07-23,0.595,0.6155,0.579833,0.611333,0.556136,7092000
2010-07-26,0.611667,0.636833,0.593167,0.633333,0.57615,8622000
2010-07-27,0.647167,0.647167,0.612333,0.620333,0.564324,10470000
2010-07-28,0.6125,0.6265,0.578333,0.588167,0.535062,17106000
2010-07-29,0.594833,0.596,0.530167,0.5525,0.502615,24666000
2010-07-30,0.539667,0.545667,0.507667,0.535167,0.486847,13908000
2010-08-02,0.562167,0.571667,0.542167,0.5635,0.512622,19812000
2010-08-03,0.563667,0.564833,0.532333,0.5465,0.497157,11742000
2010-08-04,0.548333,0.564167,0.532333,0.5625,0.511712,8508000
2010-08-05,0.559333,0.567,0.543333,0.549,0.499431,7224000
2010-08-06,0.538833,0.561,0.529167,0.549667,0.500038,7914000
2010-08-09,0.553667,0.566667,0.54,0.558667,0.508225,7584000
2010-08-10,0.541667,0.541667,0.500833,0.515833,0.469259,18732000
2010-08-11,0.482667,0.483167,0.440667,0.453667,0.412706,30720000
2010-08-12,0.4215,0.4415,0.406667,0.4355,0.396179,27768000
2010-08-13,0.437667,0.4495,0.4215,0.422333,0.384201,9888000
2010-08-16,0.418333,0.439833,0.408333,0.426667,0.388144,15528000
2010-08-17,0.443167,0.458,0.4335,0.443,0.403002,14430000
2010-08-18,0.447,0.4645,0.438167,0.457833,0.416496,10218000
2010-08-19,0.4525,0.459333,0.428833,0.434833,0.395572,11196000
2010-08-20,0.438833,0.452833,0.430667,0.439833,0.400121,8682000
2010-08-23,0.452333,0.454333,0.423833,0.424333,0.38602,15390000
2010-08-24,0.407333,0.416667,0.393167,0.402833,0.366462,13998000
2010-08-25,0.397167,0.420167,0.3825,0.415,0.37753,19578000
2010-08-26,0.422333,0.424667,0.387,0.391333,0.356,15816000
2010-08-27,0.403167,0.419167,0.371333,0.414667,0.377227,22824000
2010-08-30,0.408667,0.414167,0.384,0.384667,0.349936,11874000
2010-08-31,0.381667,0.3895,0.354833,0.360167,0.327648,17046000
2010-09-01,0.374833,0.4055,0.374833,0.393667,0.358123,21294000
2010-09-02,0.400333,0.419833,0.392333,0.419833,0.381927,32310000
2010-09-03,0.436333,0.4475,0.416667,0.438,0.398453,39972000
2010-09-07,0.434167,0.4375,0.41,0.414333,0.376923,24540000
2010-09-08,0.416167,0.418833,0.395833,0.4075,0.370707,55176000
2010-09-09,0.422833,0.423833,0.404333,0.409167,0.372224,16536000
2010-09-10,0.4055,0.410667,0.375667,0.393167,0.357668,50568000
2010-09-13,0.405,0.433167,0.4045,0.432167,0.393147,34164000
2010-09-14,0.428333,0.461667,0.416333,0.453333,0.412402,29940000
2010-09-15,0.444,0.450833,0.4315,0.449833,0.409218,20400000
2010-09-16,0.440833,0.461,0.438,0.459333,0.41786,15978000
2010-09-17,0.466,0.468,0.4525,0.459667,0.418164,14418000
2010-09-20,0.459833,0.467833,0.445833,0.465167,0.423167,39192000
2010-09-21,0.4635,0.474167,0.457667,0.462,0.420286,18630000
2010-09-22,0.456,0.4605,0.4325,0.442833,0.402966,25320000
2010-09-23,0.4305,0.474333,0.422167,0.451333,0.410701,21150000
2010-09-24,0.471667,0.507667,0.471667,0.505,0.459536,25266000
2010-09-27,0.508833,0.510167,0.4905,0.496333,0.45165,20460000
2010-09-28,0.502333,0.522333,0.481833,0.5195,0.472731,25440000
2010-09-29,0.51,0.542667,0.51,0.531,0.483196,31692000
2010-09-30,0.539333,0.55,0.504833,0.5195,0.472731,36396000
2010-10-01,0.532167,0.5355,0.502167,0.514,0.467726,24258000
2010-10-04,0.511,0.511333,0.475833,0.493,0.448617,25332000
2010-10-05,0.503333,0.5285,0.503333,0.523833,0.476674,24222000
2010-10-06,0.523333,0.524167,0.4875,0.505833,0.460294,22194000
2010-10-07,0.504667,0.513167,0.488333,0.506,0.460446,20838000
2010-10-08,0.5025,0.524833,0.485833,0.5225,0.475461,29346000
2010-10-11,0.5225,0.547333,0.5225,0.532,0.484105,20370000
2010-10-12,0.525333,0.55,0.516,0.543333,0.494418,18330000
2010-10-13,0.5485,0.554167,0.530667,0.545833,0.496693,27384000
2010-10-14,0.546833,0.556833,0.531833,0.541333,0.492598,19338000
2010-10-15,0.552667,0.558333,0.528833,0.553667,0.503822,22374000
2010-10-18,0.550833,0.550833,0.527333,0.540833,0.492143,21282000
2010-10-19,0.523833,0.546333,0.501167,0.518167,0.471518,37842000
2010-10-20,0.518667,0.534833,0.508333,0.526833,0.479404,24378000
2010-10-21,0.5295,0.532167,0.504333,0.519,0.472276,22062000
2010-10-22,0.519,0.552333,0.519,0.549833,0.500333,29832000
2010-10-25,0.558333,0.577333,0.558333,0.567833,0.516713,12414000
2010-10-26,0.559833,0.569167,0.541833,0.560667,0.510192,10962000
2010-10-27,0.562667,0.613,0.5625,0.612167,0.557055,19632000
2010-10-28,0.613833,0.6175,0.591,0.613667,0.55842,13932000
2010-10-29,0.608667,0.63,0.607667,0.625167,0.568885,10818000
2010-11-01,0.629667,0.637833,0.604,0.618833,0.563121,19554000
2010-11-02,0.630167,0.640333,0.621667,0.630833,0.574041,11472000
2010-11-03,0.637167,0.651667,0.622,0.651667,0.592999,18366000
2010-11-04,0.6695,0.713833,0.6695,0.7115,0.647446,18684000
2010-11-05,0.718667,0.736667,0.709333,0.726333,0.660943,18162000
2010-11-08,0.722333,0.7415,0.714333,0.727333,0.661853,17436000
2010-11-09,0.727333,0.7295,0.692,0.699667,0.636678,14748000
2010-11-10,0.699,0.702333,0.673,0.7005,0.637436,14172000
2010-11-11,0.647,0.683333,0.6215,0.676,0.615142,24570000
2010-11-12,0.670833,0.707333,0.654667,0.674333,0.613625,16152000
2010-11-15,0.689333,0.694833,0.659333,0.659333,0.599975,14220000
2010-11-16,0.643167,0.664,0.621333,0.631333,0.574496,16314000
2010-11-17,0.629,0.6515,0.621833,0.6295,0.572828,7788000
2010-11-18,0.648667,0.672833,0.648667,0.664667,0.604829,10518000
2010-11-19,0.660333,0.702,0.660333,0.697,0.634251,9654000
2010-11-22,0.699,0.724333,0.692833,0.722833,0.657758,32064000
2010-11-23,0.700167,0.719,0.695667,0.7035,0.640166,22074000
2010-11-24,0.718833,0.763833,0.718833,0.759833,0.691427,24210000
2010-11-26,0.7485,0.758333,0.738333,0.747167,0.679901,6378000
2010-11-29,0.734667,0.746167,0.713833,0.742,0.6752,12354000
2010-11-30,0.719333,0.725833,0.707333,0.7145,0.650176,14658000
2010-12-01,0.749833,0.785333,0.749833,0.783,0.712509,16272000
2010-12-02,0.7875,0.8285,0.784833,0.827,0.752548,13560000
2010-12-03,0.814833,0.843167,0.808333,0.839,0.763467,10824000
2010-12-06,0.841833,0.841833,0.813333,0.834667,0.759524,11808000
2010-12-07,0.861,0.871167,0.832,0.833,0.758007,22344000
2010-12-08,0.842,0.858667,0.826667,0.855833,0.778785,8406000
2010-12-09,0.870667,0.876333,0.853833,0.862,0.784396,7170000
2010-12-10,0.865167,0.872833,0.852833,0.864333,0.78652,7374000
2010-12-13,0.881833,0.881833,0.841667,0.848167,0.771809,8994000
2010-12-14,0.848,0.852,0.818333,0.8265,0.752092,11034000
2010-12-15,0.820167,0.834167,0.796667,0.800833,0.728736,13974000
2010-12-16,0.807667,0.821833,0.792167,0.815,0.741628,5910000
2010-12-17,0.819,0.836667,0.816333,0.831667,0.756794,5250000
2010-12-20,0.828,0.837333,0.8115,0.822167,0.74815,24018000
2010-12-21,0.832667,0.847667,0.8285,0.8395,0.763922,7824000
2010-12-22,0.826667,0.841667,0.813,0.840333,0.76468,10470000
2010-12-23,0.825833,0.840667,0.825833,0.833333,0.75831,4158000
2010-12-27,0.817833,0.840333,0.8025,0.835833,0.760585,7362000
2010-12-28,0.833333,0.8415,0.815333,0.825167,0.75088,6186000
2010-12-29,0.8285,0.8325,0.817833,0.8285,0.753913,3360000
2010-12-30,0.8285,0.8395,0.824167,0.835833,0.760585,3732000
2010-12-31,0.829333,0.837667,0.82,0.833167,0.758159,6024000
2011-01-03,0.8495,0.879167,0.842,0.851833,0.775145,11646000
2011-01-04,0.859667,0.872167,0.828,0.854667,0.777724,10098000
2011-01-05,0.8425,0.8695,0.834167,0.863,0.785307,4482000
2011-01-06,0.8705,0.913,0.8705,0.910833,0.828833,9810000
2011-01-07,0.916667,0.929333,0.874833,0.916833,0.834293,21936000
2011-01-10,0.911667,0.950833,0.9,0.945667,0.860531,9960000
2011-01-11,0.961667,0.961667,0.935333,0.956167,0.870086,9942000
2011-01-12,0.974833,1.01,0.957167,1.009833,0.918921,9696000
2011-01-13,1.010833,1.025833,0.989833,1.0095,0.918618,8448000
2011-01-14,1.024,1.092,1.02,1.092,0.99369,18042000
2011-01-18,1.08,1.092,1.062667,1.079167,0.982012,13842000
2011-01-19,1.0525,1.057333,0.996667,1.004,0.913613,14754000
2011-01-20,0.9845,0.9845,0.9305,0.9675,0.880399,18720000
2011-01-21,1.0,1.0025,0.9475,0.950833,0.865232,12576000
2011-01-24,0.961333,1.021667,0.96,1.0195,0.927717,12990000
2011-01-25,1.006333,1.017833,0.974333,0.998167,0.908305,13026000
2011-01-26,1.018333,1.0315,0.989833,1.025833,0.93348,16392000
2011-01-27,1.0465,1.088333,1.0465,1.0825,0.985045,19854000
2011-01-28,1.104,1.104,0.970167,0.994833,0.905271,36168000
2011-01-31,1.003333,1.0205,0.966667,1.006167,0.915585,12234000
2011-02-01,1.036,1.093333,1.034333,1.079,0.981861,22254000
2011-02-02,1.067167,1.112,1.057,1.097333,0.998543,18420000
2011-02-03,1.097833,1.104833,1.064667,1.0985,0.999605,10446000
2011-02-04,1.108667,1.166,1.103,1.1635,1.058753,16854000
2011-02-07,1.176,1.191667,1.140167,1.1515,1.047834,21102000
2011-02-08,1.151833,1.158333,1.122167,1.148833,1.045407,8292000
2011-02-09,1.134,1.150667,1.1125,1.127,1.025539,12252000
2011-02-10,1.09,1.139333,1.078667,1.136667,1.034336,12342000
2011-02-11,1.129,1.174167,1.1105,1.162667,1.057995,8436000
2011-02-14,1.176333,1.216167,1.1715,1.189167,1.08211,15360000
2011-02-15,1.187,1.188333,1.139833,1.155167,1.051171,14406000
2011-02-16,1.179833,1.202333,1.165333,1.191667,1.084385,10158000
2011-02-17,1.184667,1.25,1.175,1.244167,1.132158,15246000
2011-02-18,1.255833,1.256,1.2165,1.229833,1.119115,13470000
2011-02-22,1.166333,1.174333,1.075,1.083333,0.985803,40812000
2011-02-23,1.094333,1.094333,0.981667,1.025167,0.932874,35844000
2011-02-24,1.039,1.082667,1.015167,1.075833,0.978979,41208000
2011-02-25,1.111,1.159333,1.107167,1.157167,1.05299,38130000
2011-02-28,1.181667,1.181667,1.085167,1.122167,1.021141,38628000
2011-03-01,1.137167,1.144667,1.052833,1.055167,0.960173,37800000
2011-03-02,1.0535,1.138667,1.053167,1.100167,1.001122,51600000
2011-03-03,1.139833,1.174167,1.137333,1.164,1.059208,33474000
2011-03-04,1.1555,1.164667,1.1045,1.127333,1.025843,31500000
2011-03-07,1.129167,1.144167,1.001167,1.034,0.940912,50460000
2011-03-08,1.042667,1.071,1.007667,1.0395,0.945917,26598000
2011-03-09,1.021167,1.021167,0.941167,0.946833,0.861592,66846000
2011-03-10,0.899667,0.916667,0.870333,0.875167,0.796378,60888000
2011-03-11,0.8585,0.9075,0.856833,0.8985,0.817611,37662000
2011-03-14,0.8945,0.929667,0.8775,0.894833,0.814274,37458000
2011-03-15,0.804833,0.880333,0.782333,0.862333,0.7847,39852000
2011-03-16,0.865167,0.892,0.7885,0.806667,0.734045,35268000
2011-03-17,0.842333,0.866167,0.827,0.836167,0.760889,37530000
2011-03-18,0.878,0.878,0.834167,0.8445,0.768472,32274000
2011-03-21,0.874667,0.906833,0.870667,0.888167,0.808208,39534000
2011-03-22,0.894333,0.894333,0.862667,0.867333,0.789249,24156000
2011-03-23,0.861333,0.895833,0.84,0.890833,0.810634,25218000
2011-03-24,0.922167,0.962667,0.908833,0.9565,0.870389,44664000
2011-03-25,0.965333,0.980167,0.946833,0.9485,0.863109,31548000
2011-03-28,0.963333,0.977,0.9485,0.953,0.867204,22812000
2011-03-29,0.949333,0.979333,0.9235,0.979167,0.891015,29970000
2011-03-30,1.002167,1.008167,0.9595,0.982333,0.893896,29814000
2011-03-31,0.974833,0.987167,0.945833,0.957333,0.871147,20958000
2011-04-01,0.9785,0.9785,0.913667,0.923833,0.840663,33942000
2011-04-04,0.928833,0.937333,0.883167,0.9,0.818976,27054000
2011-04-05,0.941667,0.981167,0.940667,0.958667,0.872361,44274000
2011-04-06,0.9875,1.007,0.976,1.005667,0.915129,30012000
2011-04-07,1.005833,1.005833,0.96,0.991,0.901783,20022000
2011-04-08,1.008,1.016667,0.952167,0.966667,0.879641,20496000
2011-04-11,0.973667,0.973667,0.932833,0.940667,0.855981,18594000
2011-04-12,0.916667,0.916667,0.8685,0.883,0.803506,31302000
2011-04-13,0.900833,0.908,0.873667,0.8905,0.810331,33960000
2011-04-14,0.871667,0.893667,0.853,0.892333,0.811999,18072000
2011-04-15,0.886333,0.917167,0.8725,0.91,0.828075,17262000
2011-04-18,0.877333,0.8825,0.839667,0.861333,0.78379,29268000
2011-04-19,0.856,0.873333,0.85,0.871667,0.793193,22242000
2011-04-20,0.949833,0.983333,0.943333,0.983333,0.894806,52812000
2011-04-21,1.004167,1.004167,0.968,0.980667,0.89238,22464000
2011-04-25,0.977833,0.998167,0.971167,0.9835,0.894958,13536000
2011-04-26,0.985333,1.033333,0.9845,1.030833,0.93803,30864000
2011-04-27,1.02,1.034167,0.992667,1.030667,0.937879,26574000
2011-04-28,1.020167,1.0305,0.9895,1.010167,0.919225,25950000
2011-04-29,1.004667,1.0295,1.004333,1.025,0.932722,12540000
2011-05-02,1.035,1.035,0.986667,0.993,0.903603,21006000
2011-05-03,0.983333,0.987667,0.936833,0.956333,0.870237,33096000
2011-05-04,0.9805,0.981167,0.923167,0.958,0.871754,20118000
2011-05-05,0.941667,0.9925,0.935833,0.963833,0.877062,41994000
2011-05-06,1.0,1.017833,0.973,0.985,0.896323,40860000
2011-05-09,0.985,0.985333,0.956833,0.9765,0.888588,18708000
2011-05-10,0.990333,0.998333,0.9725,0.989167,0.900115,19446000
2011-05-11,0.993167,1.004667,0.947667,0.9665,0.879489,18096000
2011-05-12,0.952667,1.015333,0.9495,1.006167,0.915585,25260000
2011-05-13,1.000833,1.0085,0.964167,0.967167,0.880096,16488000
2011-05-16,0.9645,0.988333,0.922667,0.926167,0.842787,23142000
2011-05-17,0.916,0.916833,0.866833,0.892667,0.812303,35832000
2011-05-18,0.902833,0.951667,0.902,0.943,0.858104,17988000
2011-05-19,0.9315,0.932,0.894333,0.9195,0.83672,20982000
2011-05-20,0.9215,0.927667,0.896833,0.911,0.828985,10974000
2011-05-23,0.880167,0.880167,0.853833,0.855,0.778026,23688000
2011-05-24,0.870167,0.871333,0.8335,0.835667,0.760434,23982000
2011-05-25,0.829333,0.866333,0.82,0.857667,0.780454,19098000
2011-05-26,0.854833,0.887333,0.845667,0.881833,0.802444,14706000
2011-05-27,0.899333,0.921167,0.899333,0.913167,0.830957,19008000
2011-05-31,0.941667,0.954167,0.927,0.954167,0.868266,15954000
2011-06-01,0.946833,0.946833,0.866667,0.867667,0.789553,17838000
2011-06-02,0.869,0.8935,0.854167,0.868,0.789856,16122000
2011-06-03,0.8405,0.86,0.818167,0.821833,0.747846,38124000
2011-06-06,0.817667,0.828167,0.800167,0.801833,0.729646,18660000
2011-06-07,0.8265,0.8385,0.813333,0.813667,0.740415,14688000
2011-06-08,0.802833,0.803,0.757167,0.764833,0.695977,36198000
2011-06-09,0.7675,0.781667,0.7545,0.767333,0.698252,25770000
2011-06-10,0.758333,0.762,0.7145,0.730167,0.664432,22752000
2011-06-13,0.7305,0.742333,0.701667,0.708833,0.645019,18828000
2011-06-14,0.733667,0.762,0.733667,0.7485,0.681115,15768000
2011-06-15,0.732,0.741833,0.703,0.7045,0.641076,13464000
2011-06-16,0.710167,0.710333,0.6625,0.680667,0.619388,17418000
2011-06-17,0.704667,0.704667,0.644167,0.651,0.592392,23820000
2011-06-20,0.647,0.661667,0.643833,0.653,0.594212,18750000
2011-06-21,0.665,0.7055,0.654167,0.702167,0.638953,30174000
2011-06-22,0.692167,0.711833,0.685667,0.691833,0.629549,20856000
2011-06-23,0.666667,0.7245,0.653667,0.723,0.65791,41520000
2011-06-24,0.716167,0.716167,0.6665,0.671333,0.610895,21660000
2011-06-27,0.671333,0.692667,0.651667,0.682833,0.62136,15390000
2011-06-28,0.691,0.7095,0.6865,0.708833,0.645019,24696000
2011-06-29,0.715167,0.723667,0.6955,0.711833,0.647749,16728000
2011-06-30,0.716667,0.77,0.716667,0.763333,0.694612,30492000
2011-07-01,0.769167,0.816667,0.757333,0.813167,0.73996,25212000
2011-07-05,0.808833,0.817667,0.779167,0.791,0.719789,15444000
2011-07-06,0.782833,0.783167,0.7535,0.772667,0.703106,10506000
2011-07-07,0.794333,0.831667,0.788333,0.818333,0.744661,18822000
2011-07-08,0.786833,0.79,0.756167,0.781667,0.711296,16896000
2011-07-11,0.766333,0.787,0.735,0.7415,0.674745,22608000
2011-07-12,0.719167,0.7225,0.6675,0.678167,0.617113,46284000
2011-07-13,0.6945,0.703333,0.6635,0.671,0.610592,27108000
2011-07-14,0.673667,0.697833,0.636667,0.640833,0.583141,41184000
2011-07-15,0.653833,0.654333,0.6275,0.651,0.592392,24444000
2011-07-18,0.642833,0.6505,0.609167,0.623,0.566913,25644000
2011-07-19,0.642667,0.689,0.642667,0.684667,0.623028,31746000
2011-07-20,0.7015,0.708167,0.663333,0.675833,0.61499,21420000
2011-07-21,0.670833,0.698333,0.644333,0.694333,0.631824,32058000
2011-07-22,0.697833,0.748333,0.697833,0.741333,0.674593,40338000
2011-07-25,0.719333,0.728667,0.697833,0.713,0.648811,17520000
2011-07-26,0.726,0.755833,0.726,0.730833,0.665038,30282000
2011-07-27,0.707,0.707,0.646333,0.650833,0.59224,54816000
2011-07-28,0.65,0.68,0.627,0.646,0.587842,23532000
2011-07-29,0.612,0.648,0.602667,0.6305,0.573738,33750000
2011-08-01,0.656833,0.666333,0.603667,0.629,0.572373,41922000
2011-08-02,0.614833,0.627,0.570833,0.573167,0.521566,44364000
2011-08-03,0.576667,0.596,0.538833,0.591333,0.538097,48840000
2011-08-04,0.572,0.573333,0.4895,0.494333,0.44983,70020000
2011-08-05,0.509167,0.525667,0.418667,0.458333,0.417071,60150000
2011-08-08,0.408167,0.440667,0.3815,0.386667,0.351856,42156000
2011-08-09,0.409167,0.44,0.37,0.438667,0.399175,49818000
2011-08-10,0.4245,0.454167,0.393,0.412333,0.375212,35904000
2011-08-11,0.429833,0.491167,0.427,0.473667,0.431024,29616000
2011-08-12,0.4855,0.499833,0.459,0.469,0.426777,27114000
2011-08-15,0.4775,0.497667,0.472667,0.496667,0.451953,22326000
2011-08-16,0.479333,0.493833,0.45,0.468667,0.426474,25092000
2011-08-17,0.464333,0.49,0.446,0.4585,0.417223,17232000
2011-08-18,0.420333,0.420333,0.37,0.379167,0.345032,38010000
2011-08-19,0.370333,0.403667,0.355,0.357,0.32486,28344000
2011-08-22,0.387,0.387833,0.359667,0.367,0.33396,21594000
2011-08-23,0.38,0.424333,0.37,0.423167,0.38507,51924000
2011-08-24,0.423167,0.434333,0.397333,0.4225,0.384463,51954000
2011-08-25,0.415833,0.431167,0.386667,0.389,0.353979,33522000
2011-08-26,0.390333,0.426833,0.371667,0.419833,0.382037,38676000
2011-08-29,0.440833,0.4675,0.4375,0.466667,0.424654,29448000
2011-08-30,0.455667,0.475,0.446333,0.466667,0.424654,25152000
2011-08-31,0.480667,0.4885,0.446833,0.456667,0.415555,29664000
2011-09-01,0.457333,0.474833,0.433333,0.433833,0.394776,26106000
2011-09-02,0.414167,0.416667,0.396333,0.404,0.367629,22992000
2011-09-06,0.3665,0.396833,0.364667,0.396,0.360349,29136000
2011-09-07,0.419167,0.448333,0.419167,0.447,0.406758,43224000
2011-09-08,0.436,0.474,0.433,0.440333,0.400691,32784000
2011-09-09,0.425167,0.461167,0.417333,0.426,0.387648,39306000
2011-09-12,0.414833,0.464833,0.414833,0.464833,0.422985,34446000
2011-09-13,0.473167,0.496667,0.461833,0.493,0.448617,43494000
2011-09-14,0.500667,0.5475,0.494167,0.53,0.482286,86268000
2011-09-15,0.546667,0.559,0.533,0.554,0.504125,61032000
2011-09-16,0.553333,0.573333,0.5485,0.555833,0.505793,62544000
2011-09-19,0.530333,0.5485,0.509833,0.537167,0.488807,54882000
2011-09-20,0.545833,0.5505,0.516167,0.5195,0.472731,72882000
2011-09-21,0.529833,0.541333,0.486667,0.487,0.443157,117186000
2011-09-22,0.45,0.4525,0.413333,0.438167,0.39872,61854000
2011-09-23,0.428,0.469167,0.421667,0.462167,0.420559,52566000
2011-09-26,0.478833,0.478833,0.429667,0.461333,0.4198,98616000
2011-09-27,0.486167,0.516333,0.478167,0.4865,0.442702,75846000
2011-09-28,0.495,0.495,0.4435,0.4445,0.404483,57690000
2011-09-29,0.461667,0.466,0.401667,0.426333,0.387951,82098000
2011-09-30,0.405333,0.4185,0.383333,0.3835,0.348975,47844000
2011-10-03,0.375833,0.387833,0.34,0.340833,0.310149,52956000
2011-10-04,0.33,0.3845,0.326,0.383833,0.349278,89970000
2011-10-05,0.384833,0.423,0.369,0.42,0.382189,78738000
2011-10-06,0.417333,0.435167,0.4025,0.4345,0.395383,78432000
2011-10-07,0.445833,0.4565,0.426667,0.441333,0.401601,53652000
2011-10-10,0.460333,0.484167,0.460333,0.4765,0.433602,30468000
2011-10-11,0.468833,0.481,0.463667,0.473333,0.43072,30294000
2011-10-12,0.491333,0.501667,0.485833,0.485833,0.442095,41778000
2011-10-13,0.477667,0.520333,0.476167,0.516333,0.469849,45486000
2011-10-14,0.5365,0.537333,0.507,0.534667,0.486532,47322000
2011-10-17,0.522,0.524,0.484833,0.490667,0.446494,36648000
2011-10-18,0.4915,0.526667,0.473833,0.522333,0.475309,52332000
2011-10-19,0.521167,0.521167,0.4845,0.488167,0.444219,44826000
2011-10-20,0.474667,0.481167,0.436333,0.464667,0.422834,53466000
2011-10-21,0.483333,0.512,0.483,0.493,0.448617,28434000
2011-10-24,0.504167,0.546333,0.5015,0.544167,0.495177,81846000
2011-10-25,0.532333,0.544333,0.511667,0.514833,0.468484,63798000
2011-10-26,0.528333,0.539,0.489667,0.522,0.475006,38490000
2011-10-27,0.563667,0.5985,0.555833,0.5885,0.535519,55464000
2011-10-28,0.579667,0.593167,0.5755,0.593167,0.539766,25170000
2011-10-31,0.575167,0.575167,0.5475,0.548,0.498665,29562000
2011-11-01,0.503167,0.515167,0.485167,0.4955,0.450891,40368000
2011-11-02,0.513333,0.516667,0.490667,0.503,0.457716,15834000
2011-11-03,0.516667,0.551,0.4875,0.548167,0.498817,44694000
2011-11-04,0.5355,0.573167,0.533667,0.567333,0.516258,40914000
2011-11-07,0.559167,0.5695,0.533333,0.564833,0.513983,44898000
2011-11-08,0.577167,0.5825,0.546833,0.573833,0.522172,42258000
2011-11-09,0.5365,0.5365,0.494667,0.496,0.451346,41424000
2011-11-10,0.5205,0.5215,0.486667,0.509167,0.463328,21204000
2011-11-11,0.523333,0.567333,0.523333,0.561167,0.510647,34920000
2011-11-14,0.553,0.5695,0.531167,0.541833,0.493053,29382000
2011-11-15,0.538333,0.573333,0.535167,0.563833,0.513073,45540000
2011-11-16,0.55,0.580833,0.543,0.554667,0.504732,36810000
2011-11-17,0.55,0.553333,0.472167,0.491667,0.447404,73242000
2011-11-18,0.501833,0.501833,0.4695,0.477,0.434057,32286000
2011-11-21,0.456833,0.459167,0.43,0.449667,0.409185,39312000
2011-11-22,0.444667,0.458333,0.425167,0.4335,0.394473,28380000
2011-11-23,0.419667,0.420333,0.392333,0.392667,0.357316,31662000
2011-11-25,0.388667,0.403667,0.376333,0.376333,0.342453,22728000
2011-11-28,0.419833,0.422833,0.402667,0.414833,0.377487,23802000
2011-11-29,0.418667,0.426667,0.402333,0.4055,0.368994,23424000
2011-11-30,0.4385,0.476333,0.4385,0.474833,0.432085,51342000
2011-12-01,0.475833,0.487333,0.458833,0.483,0.439517,24264000
2011-12-02,0.497667,0.506167,0.4785,0.479833,0.436635,28338000
2011-12-05,0.503,0.509167,0.485167,0.494667,0.450134,29232000
2011-12-06,0.4925,0.499667,0.479167,0.491667,0.447404,16620000
2011-12-07,0.485167,0.513167,0.473333,0.509,0.463176,20436000
2011-12-08,0.494333,0.513,0.462,0.465667,0.423744,26226000
2011-12-09,0.455833,0.488333,0.441333,0.4825,0.439062,35904000
2011-12-12,0.452833,0.452833,0.427167,0.443833,0.403876,28650000
2011-12-13,0.450667,0.458667,0.405833,0.412,0.374909,41736000
2011-12-14,0.41,0.418833,0.3855,0.392167,0.356861,31500000
2011-12-15,0.413833,0.417,0.3855,0.391167,0.355951,20004000
2011-12-16,0.404,0.416167,0.395,0.400333,0.364292,18036000
2011-12-19,0.4045,0.4055,0.365,0.366667,0.333657,36264000
2011-12-20,0.3885,0.418667,0.3885,0.415,0.377639,36492000
2011-12-21,0.4145,0.416667,0.385833,0.402833,0.366567,24912000
2011-12-22,0.409,0.446,0.407667,0.4425,0.402663,28410000
2011-12-23,0.443833,0.449833,0.4335,0.448833,0.408426,15252000
2011-12-27,0.4425,0.457667,0.441667,0.447667,0.407365,19536000
2011-12-28,0.443,0.447833,0.425,0.425833,0.387496,23736000
2011-12-29,0.434167,0.439833,0.424167,0.438167,0.39872,13962000
2011-12-30,0.438333,0.443333,0.432,0.432667,0.393715,15528000
2012-01-03,0.46,0.47,0.445,0.4485,0.408123,20838000
2012-01-04,0.446167,0.451333,0.431333,0.448167,0.40782,19632000
2012-01-05,0.4465,0.469167,0.444,0.4675,0.425412,25092000
2012-01-06,0.467333,0.473333,0.4565,0.471667,0.429204,19224000
2012-01-09,0.479667,0.501667,0.476667,0.497833,0.453014,27516000
2012-01-10,0.516333,0.522667,0.507333,0.513167,0.466968,20658000
2012-01-11,0.5035,0.524,0.5025,0.5195,0.472731,16698000
2012-01-12,0.528833,0.538667,0.513333,0.537,0.488655,20850000
2012-01-13,0.522333,0.522667,0.498833,0.502,0.456806,24198000
2012-01-17,0.522,0.524833,0.506167,0.5085,0.462721,17028000
2012-01-18,0.5265,0.587833,0.5265,0.583333,0.530817,50442000
2012-01-19,0.600333,0.621667,0.597167,0.619167,0.563425,41148000
2012-01-20,0.616667,0.631333,0.609833,0.628167,0.571615,17694000
2012-01-23,0.632,0.636667,0.607833,0.623333,0.567216,22410000
2012-01-24,0.613167,0.635167,0.609833,0.627667,0.57116,11994000
2012-01-25,0.633833,0.641667,0.608167,0.635833,0.578591,29904000
2012-01-26,0.644167,0.654333,0.607333,0.616167,0.560695,22794000
2012-01-27,0.6085,0.6295,0.605167,0.624667,0.56843,9660000
2012-01-30,0.610333,0.610333,0.583333,0.602833,0.548561,15960000
2012-01-31,0.618833,0.6215,0.593167,0.605333,0.550837,17148000
2012-02-01,0.625667,0.66,0.622667,0.645167,0.587084,39444000
2012-02-02,0.655,0.671,0.646333,0.657667,0.598459,22602000
2012-02-03,0.680167,0.695167,0.672167,0.6855,0.623786,26310000
2012-02-06,0.679,0.679667,0.653,0.663667,0.603919,16218000
2012-02-07,0.653333,0.670833,0.643333,0.664333,0.604525,18906000
2012-02-08,0.6685,0.703833,0.6685,0.6895,0.627426,28428000
2012-02-09,0.700833,0.700833,0.678833,0.6955,0.632886,20448000
2012-02-10,0.6735,0.6775,0.645167,0.6525,0.593757,28206000
2012-02-13,0.6725,0.675,0.634333,0.659333,0.599975,18954000
2012-02-14,0.652667,0.668833,0.65,0.668833,0.60862,20418000
2012-02-15,0.683,0.7025,0.675,0.677833,0.61681,32016000
2012-02-16,0.673333,0.731667,0.673333,0.728,0.66246,32184000
2012-02-17,0.745833,0.746,0.7045,0.711,0.646991,18594000
2012-02-21,0.716333,0.716667,0.673333,0.6825,0.621056,19566000
2012-02-22,0.673833,0.691167,0.665,0.672167,0.611654,12120000
2012-02-23,0.673333,0.6795,0.646667,0.676167,0.615294,14346000
2012-02-24,0.68,0.691,0.667333,0.671167,0.610744,8700000
2012-02-27,0.658,0.686333,0.644833,0.671833,0.61135,16248000
2012-02-28,0.676333,0.714667,0.676333,0.705833,0.642289,25620000
2012-02-29,0.708333,0.7095,0.669,0.673167,0.612564,17994000
2012-03-01,0.685167,0.693,0.665333,0.673833,0.61317,11220000
2012-03-02,0.668667,0.684333,0.65,0.653167,0.594364,15672000
2012-03-05,0.6465,0.646833,0.598,0.604333,0.549926,37602000
2012-03-06,0.577167,0.5905,0.5665,0.586,0.533244,25242000
2012-03-07,0.596167,0.621,0.5915,0.614167,0.558875,33216000
2012-03-08,0.633333,0.645667,0.622,0.640333,0.582686,18336000
2012-03-09,0.639667,0.662667,0.639167,0.661,0.601492,25692000
2012-03-12,0.661667,0.661667,0.6355,0.643,0.585113,16902000
2012-03-13,0.654667,0.684667,0.654667,0.684667,0.623028,29352000
2012-03-14,0.691667,0.711333,0.674167,0.6785,0.617417,32916000
2012-03-15,0.690333,0.720333,0.686333,0.716833,0.652299,32976000
2012-03-16,0.7175,0.725667,0.709333,0.718333,0.653663,17574000
2012-03-19,0.715,0.7445,0.711667,0.735667,0.669437,17856000
2012-03-20,0.718833,0.727333,0.7025,0.721333,0.656394,16914000
2012-03-21,0.727167,0.737833,0.715,0.728333,0.662763,10542000
2012-03-22,0.713333,0.722,0.698333,0.715833,0.651389,12330000
2012-03-23,0.719667,0.721667,0.693833,0.721333,0.656394,17070000
2012-03-26,0.739833,0.751833,0.725833,0.751833,0.684148,19938000
2012-03-27,0.746667,0.7675,0.746667,0.75,0.68248,11262000
2012-03-28,0.749167,0.754833,0.707667,0.723,0.65791,20256000
2012-03-29,0.709667,0.728833,0.695833,0.725333,0.660033,13368000
2012-03-30,0.7485,0.7485,0.716667,0.733667,0.667617,17772000
2012-04-02,0.728333,0.740333,0.701833,0.733,0.66701,16848000
2012-04-03,0.73,0.73,0.690333,0.699167,0.636223,24684000
2012-04-04,0.672333,0.674333,0.634167,0.6515,0.592847,43110000
2012-04-05,0.649,0.663333,0.6445,0.657667,0.598459,13242000
2012-04-09,0.627667,0.6355,0.6175,0.630333,0.573586,20418000
2012-04-10,0.627,0.6425,0.5915,0.597333,0.543557,19278000
2012-04-11,0.616667,0.638333,0.615833,0.625167,0.568885,15714000
2012-04-12,0.6295,0.6675,0.627667,0.6595,0.600127,29892000
2012-04-13,0.651333,0.659,0.623833,0.624167,0.567975,13854000
2012-04-16,0.6405,0.643667,0.6085,0.625167,0.568885,26910000
2012-04-17,0.638,0.6625,0.638,0.654167,0.595274,25710000
2012-04-18,0.632833,0.646167,0.6185,0.637833,0.580411,18018000
2012-04-19,0.630167,0.661667,0.605,0.617,0.561453,19344000
2012-04-20,0.6175,0.617667,0.572167,0.574167,0.522476,40272000
2012-04-23,0.5535,0.554333,0.535667,0.553167,0.503367,27534000
2012-04-24,0.560333,0.560833,0.533667,0.539833,0.491233,19170000
2012-04-25,0.566333,0.579667,0.5575,0.575833,0.523992,29502000
2012-04-26,0.580333,0.618167,0.580333,0.614667,0.55933,28902000
2012-04-27,0.613667,0.621,0.5965,0.615167,0.559785,29844000
2012-04-30,0.613667,0.615167,0.605,0.605167,0.550686,15000000
2012-05-01,0.605,0.627333,0.599833,0.612333,0.557206,19788000
2012-05-02,0.6,0.625,0.595833,0.620833,0.564941,15480000
2012-05-03,0.6235,0.624833,0.574,0.576333,0.524447,26280000
2012-05-04,0.5675,0.576667,0.5375,0.539167,0.490627,31662000
2012-05-07,0.531167,0.5475,0.531167,0.535833,0.487594,21600000
2012-05-08,0.525667,0.530167,0.493167,0.5265,0.479101,33234000
2012-05-09,0.502333,0.5285,0.488333,0.522,0.475006,33318000
2012-05-10,0.5325,0.5325,0.502833,0.515333,0.468939,21144000
2012-05-11,0.5125,0.545,0.510667,0.526333,0.478949,23736000
2012-05-14,0.5105,0.520333,0.503333,0.510833,0.464844,18600000
2012-05-15,0.508833,0.523167,0.4915,0.494667,0.450134,18522000
2012-05-16,0.499167,0.5045,0.47,0.471833,0.429355,32856000
2012-05-17,0.474667,0.4765,0.437667,0.437667,0.398265,27282000
2012-05-18,0.446333,0.447833,0.410833,0.4135,0.376274,48906000
2012-05-21,0.415333,0.446667,0.413333,0.444833,0.404786,43740000
2012-05-22,0.445667,0.445667,0.427,0.436167,0.3969,29538000
2012-05-23,0.420667,0.4425,0.41,0.441333,0.401601,27300000
2012-05-24,0.442,0.444,0.415,0.424,0.385828,28086000
2012-05-25,0.4235,0.444,0.423167,0.439333,0.399781,21594000
2012-05-29,0.452667,0.471333,0.451333,0.465167,0.423289,18396000
2012-05-30,0.452333,0.452667,0.435333,0.44,0.400388,22146000
2012-05-31,0.437333,0.440167,0.412333,0.425333,0.387041,21192000
2012-06-01,0.404,0.405167,0.375,0.3755,0.341695,45294000
2012-06-04,0.376833,0.3885,0.360333,0.370333,0.336993,27960000
2012-06-05,0.371667,0.399,0.371667,0.395333,0.359742,36054000
2012-06-06,0.406833,0.437167,0.405667,0.435333,0.396141,41736000
2012-06-07,0.4505,0.455833,0.415833,0.417667,0.380066,32898000
2012-06-08,0.409833,0.4375,0.408333,0.436,0.396748,22326000
2012-06-11,0.453833,0.455833,0.409667,0.411167,0.374151,29760000
2012-06-12,0.417167,0.4395,0.415833,0.439167,0.39963,36006000
2012-06-13,0.433,0.443333,0.419333,0.424167,0.38598,21486000
2012-06-14,0.425667,0.4295,0.407333,0.422833,0.384767,21318000
2012-06-15,0.424,0.4435,0.423167,0.441833,0.402056,16392000
2012-06-18,0.433667,0.468667,0.433667,0.4625,0.420862,31980000
2012-06-19,0.473667,0.484,0.464833,0.476667,0.433754,23340000
2012-06-20,0.480333,0.498167,0.4775,0.492833,0.448465,39066000
2012-06-21,0.487667,0.488333,0.43,0.431167,0.39235,48192000
2012-06-22,0.438333,0.454,0.436667,0.449,0.408578,21888000
2012-06-25,0.437667,0.438,0.403667,0.405667,0.369146,41736000
2012-06-26,0.411167,0.417,0.396333,0.409333,0.372482,24744000
2012-06-27,0.415833,0.43,0.411667,0.426167,0.3878,23748000
2012-06-28,0.412333,0.422167,0.400833,0.417667,0.380066,30120000
2012-06-29,0.449,0.470833,0.446333,0.47,0.427687,48804000
2012-07-02,0.479167,0.482333,0.459833,0.468167,0.426019,17688000
2012-07-03,0.473333,0.4895,0.469,0.4895,0.445432,18162000
2012-07-05,0.478833,0.483,0.462,0.476167,0.433299,17106000
2012-07-06,0.463167,0.464833,0.429167,0.441333,0.401601,30462000
2012-07-09,0.436333,0.442833,0.419333,0.426,0.387648,25698000
2012-07-10,0.416333,0.431,0.388333,0.396167,0.360501,48462000
2012-07-11,0.399667,0.403,0.378333,0.383833,0.349278,34476000
2012-07-12,0.375667,0.376167,0.356167,0.3665,0.333505,49020000
2012-07-13,0.369167,0.3795,0.367,0.375833,0.341998,30048000
2012-07-16,0.370667,0.370667,0.355167,0.363333,0.330623,27762000
2012-07-17,0.37,0.370833,0.340333,0.358333,0.326073,49782000
2012-07-18,0.353833,0.402167,0.352667,0.394667,0.359136,82602000
2012-07-19,0.411667,0.428833,0.411667,0.419833,0.382037,54054000
2012-07-20,0.418333,0.420667,0.398333,0.398833,0.362927,30600000
2012-07-23,0.373333,0.3935,0.359333,0.387,0.35216,36108000
2012-07-24,0.39,0.393,0.371667,0.383333,0.348823,30174000
2012-07-25,0.3915,0.419167,0.391333,0.403667,0.367326,43992000
2012-07-26,0.428833,0.440833,0.42,0.432,0.393108,42372000
2012-07-27,0.438333,0.465833,0.431833,0.462,0.420407,44328000
2012-07-30,0.4625,0.472833,0.442,0.449833,0.409336,21042000
2012-07-31,0.464333,0.4765,0.458333,0.4605,0.419042,64002000
2012-08-01,0.468167,0.4735,0.45,0.459667,0.418285,20508000
2012-08-02,0.446,0.476667,0.440667,0.455333,0.414341,21774000
2012-08-03,0.476667,0.491667,0.466667,0.483333,0.43982,25608000
2012-08-06,0.4925,0.4995,0.488167,0.491833,0.447555,15390000
2012-08-07,0.501333,0.533333,0.501333,0.5215,0.474551,31686000
2012-08-08,0.516667,0.5295,0.514,0.5285,0.480921,15552000
2012-08-09,0.525667,0.541167,0.525,0.538167,0.489717,14832000
2012-08-10,0.536667,0.547,0.533,0.545167,0.496087,13224000
2012-08-13,0.545167,0.545167,0.514833,0.534667,0.486532,17268000
2012-08-14,0.544167,0.545333,0.513333,0.52,0.473186,21054000
2012-08-15,0.507833,0.536167,0.507833,0.528833,0.481224,13752000
2012-08-16,0.528667,0.556667,0.527333,0.556333,0.506248,14346000
2012-08-17,0.553,0.553,0.537167,0.545167,0.496087,16194000
2012-08-20,0.541167,0.541833,0.519833,0.530833,0.483044,60024000
2012-08-21,0.536833,0.553167,0.526333,0.532,0.484105,14460000
2012-08-22,0.523833,0.528333,0.5105,0.520833,0.473944,16560000
2012-08-23,0.516333,0.518167,0.501,0.510333,0.464389,12726000
2012-08-24,0.505,0.522333,0.5,0.518667,0.471973,11352000
2012-08-27,0.524,0.5245,0.505833,0.514,0.467726,7974000
2012-08-28,0.507667,0.519,0.505,0.512667,0.466513,10518000
2012-08-29,0.510833,0.519833,0.501667,0.513667,0.467423,8772000
2012-08-30,0.505,0.505,0.485333,0.488167,0.444219,13566000
2012-08-31,0.4985,0.5135,0.485833,0.507333,0.461659,18720000
2012-09-04,0.506,0.507167,0.4775,0.495667,0.451044,33096000
2012-09-05,0.493,0.502667,0.479,0.484667,0.441034,15120000
2012-09-06,0.497,0.538667,0.497,0.536333,0.488048,33888000
2012-09-07,0.528833,0.532333,0.515167,0.526333,0.478949,13488000
2012-09-10,0.518,0.519833,0.495667,0.498833,0.453924,19014000
2012-09-11,0.504,0.514,0.4955,0.507333,0.461659,15582000
2012-09-12,0.511667,0.522167,0.502833,0.5105,0.464541,18390000
2012-09-13,0.507667,0.529667,0.497,0.524667,0.477433,30066000
2012-09-14,0.533667,0.562,0.532333,0.544833,0.495783,22680000
2012-09-17,0.552333,0.552333,0.522833,0.529833,0.482134,13680000
2012-09-18,0.525833,0.528333,0.517,0.5225,0.475461,8472000
2012-09-19,0.523167,0.5235,0.51,0.5125,0.466361,11808000
2012-09-20,0.506,0.5085,0.49,0.499167,0.454228,18546000
2012-09-21,0.507333,0.516333,0.499333,0.499667,0.454683,10662000
2012-09-24,0.486667,0.489333,0.471667,0.477167,0.434209,20208000
2012-09-25,0.483,0.488,0.440667,0.440667,0.400995,29880000
2012-09-26,0.431667,0.436,0.414833,0.433,0.394018,29124000
2012-09-27,0.442833,0.4655,0.435167,0.462,0.420407,22788000
2012-09-28,0.4565,0.46,0.447833,0.449333,0.408881,18846000
2012-10-01,0.457,0.465167,0.442333,0.4455,0.405393,17454000
2012-10-02,0.456167,0.456667,0.4425,0.4535,0.412673,12186000
2012-10-03,0.458667,0.458667,0.443,0.446,0.405848,11076000
2012-10-04,0.450167,0.4575,0.440333,0.456333,0.415251,13104000
2012-10-05,0.463167,0.476333,0.451,0.4545,0.413583,21108000
2012-10-08,0.446667,0.447833,0.434333,0.439333,0.399781,13800000
2012-10-09,0.435833,0.435833,0.414667,0.418667,0.380976,26988000
2012-10-10,0.4155,0.4185,0.400667,0.401333,0.365202,33456000
2012-10-11,0.415667,0.416667,0.403333,0.403833,0.367477,24282000
2012-10-12,0.402333,0.408333,0.396667,0.397,0.361259,20214000
2012-10-15,0.402667,0.416667,0.402667,0.414333,0.377032,23754000
2012-10-16,0.4175,0.4425,0.4175,0.441,0.401298,25398000
2012-10-17,0.429667,0.446167,0.427333,0.438,0.398568,19134000
2012-10-18,0.432667,0.438,0.42,0.427,0.388558,17580000
2012-10-19,0.423833,0.424167,0.389667,0.390333,0.355192,56556000
2012-10-22,0.395833,0.400667,0.384167,0.389667,0.354586,23040000
2012-10-23,0.377667,0.396167,0.373333,0.393333,0.357922,41184000
2012-10-24,0.406,0.406,0.374833,0.375167,0.341392,38772000
2012-10-25,0.394167,0.394167,0.378833,0.390333,0.355192,27804000
2012-10-26,0.39,0.403833,0.386667,0.395833,0.360197,28536000
2012-10-31,0.4,0.404667,0.391667,0.395333,0.359742,17892000
2012-11-01,0.4,0.436667,0.3965,0.435667,0.396445,59682000
2012-11-02,0.437167,0.440167,0.411167,0.411333,0.374302,29826000
2012-11-05,0.410833,0.435333,0.4075,0.431833,0.392956,21156000
2012-11-06,0.436,0.453833,0.431833,0.449,0.408578,36810000
2012-11-07,0.430167,0.435667,0.406,0.415167,0.377791,49578000
2012-11-08,0.421667,0.423,0.4,0.4,0.363989,29484000
2012-11-09,0.3985,0.417833,0.397833,0.402833,0.366567,39966000
2012-11-12,0.412333,0.413167,0.394667,0.403167,0.366871,20754000
2012-11-13,0.395833,0.404333,0.391833,0.3945,0.358984,25692000
2012-11-14,0.402333,0.405833,0.3725,0.375167,0.341392,41352000
2012-11-15,0.377,0.380167,0.358,0.359833,0.327438,44232000
2012-11-16,0.3665,0.3665,0.341167,0.360333,0.327893,43050000
2012-11-19,0.376,0.382,0.369333,0.380833,0.346548,43926000
2012-11-20,0.376,0.379167,0.366,0.378333,0.344273,28992000
2012-11-21,0.38,0.384,0.375333,0.380167,0.345942,13506000
2012-11-23,0.3875,0.405333,0.386667,0.399667,0.363686,39354000
2012-11-26,0.399,0.408333,0.396,0.406333,0.369752,27870000
2012-11-27,0.408333,0.414,0.400333,0.4015,0.365354,26604000
2012-11-28,0.396,0.416667,0.384667,0.4155,0.378094,30288000
2012-11-29,0.4215,0.4265,0.411,0.419,0.381279,28662000
2012-11-30,0.418667,0.424167,0.413,0.417333,0.379762,17814000
2012-12-03,0.425167,0.428667,0.41,0.411833,0.374757,20892000
2012-12-04,0.413667,0.4225,0.4055,0.418833,0.381127,11244000
2012-12-05,0.415333,0.4235,0.409,0.416167,0.378701,11466000
2012-12-06,0.418167,0.432,0.416667,0.431,0.392198,22764000
2012-12-07,0.435667,0.437667,0.425167,0.433833,0.394776,12366000
2012-12-10,0.432,0.445667,0.432,0.441833,0.402056,10578000
2012-12-11,0.448167,0.4715,0.447833,0.4685,0.426322,43932000
2012-12-12,0.477667,0.477667,0.459667,0.463,0.421317,21654000
2012-12-13,0.460167,0.474,0.4445,0.45,0.409488,27486000
2012-12-14,0.443833,0.4505,0.433667,0.440667,0.400995,18882000
2012-12-17,0.442667,0.451833,0.434667,0.445833,0.405696,17166000
2012-12-18,0.457,0.470333,0.445667,0.4665,0.424502,29934000
2012-12-19,0.4685,0.482833,0.4685,0.470167,0.427839,24540000
2012-12-20,0.4695,0.472,0.457,0.469333,0.42708,15660000
2012-12-21,0.446667,0.456333,0.43,0.4545,0.413583,23190000
2012-12-24,0.462,0.4715,0.445,0.4505,0.409943,9054000
2012-12-26,0.452,0.461667,0.438833,0.440333,0.400691,11136000
2012-12-27,0.439,0.439667,0.418333,0.433333,0.394321,24114000
2012-12-28,0.423333,0.438667,0.4215,0.425833,0.387496,12612000
2012-12-31,0.429833,0.451167,0.4225,0.448167,0.40782,29208000
2013-01-02,0.475333,0.5055,0.475,0.505167,0.459688,59640000
2013-01-03,0.503333,0.507833,0.490333,0.496167,0.451498,23976000
2013-01-04,0.4975,0.499667,0.485667,0.4945,0.449982,14664000
2013-01-07,0.491333,0.496,0.479333,0.4895,0.445432,14658000
2013-01-08,0.485667,0.492167,0.471667,0.473333,0.43072,20568000
2013-01-09,0.476333,0.487833,0.476333,0.487333,0.44346,15072000
2013-01-10,0.503333,0.509833,0.495167,0.507,0.461356,31482000
2013-01-11,0.501333,0.516667,0.501333,0.515833,0.469394,11706000
2013-01-14,0.500833,0.516,0.4985,0.5115,0.465451,11772000
2013-01-15,0.505333,0.505667,0.496667,0.503833,0.458474,11472000
2013-01-16,0.506167,0.525,0.502167,0.520167,0.473338,16008000
2013-01-17,0.532333,0.554167,0.528667,0.553167,0.503367,35070000
2013-01-18,0.540833,0.549833,0.535,0.544333,0.495328,25674000
2013-01-22,0.544167,0.544167,0.5295,0.5395,0.49093,14790000
2013-01-23,0.545833,0.5585,0.541333,0.557167,0.507007,19140000
2013-01-24,0.534333,0.556667,0.53,0.542333,0.493508,15810000
2013-01-25,0.547833,0.570667,0.547833,0.5625,0.51186,17778000
2013-01-28,0.568333,0.572,0.560833,0.566333,0.515348,9876000
2013-01-29,0.560833,0.561833,0.549167,0.555833,0.505793,12882000
2013-01-30,0.553333,0.5675,0.553333,0.558667,0.508372,14028000
2013-01-31,0.557667,0.566833,0.549167,0.553667,0.503822,17040000
2013-02-01,0.567333,0.5855,0.5635,0.583167,0.530666,23550000
2013-02-04,0.57,0.588,0.5565,0.557833,0.507613,17340000
2013-02-05,0.568333,0.588333,0.565,0.584167,0.531576,13062000
2013-02-06,0.575167,0.59,0.572833,0.587333,0.534457,8304000
2013-02-07,0.592667,0.592667,0.563333,0.579667,0.527481,14106000
2013-02-08,0.583333,0.6035,0.583333,0.602167,0.547956,20130000
2013-02-11,0.603167,0.608833,0.594333,0.604833,0.550382,7806000
2013-02-12,0.604833,0.611833,0.598333,0.608667,0.55387,12744000
2013-02-13,0.6155,0.621667,0.602167,0.6135,0.558268,9024000
2013-02-14,0.604333,0.631833,0.603333,0.631,0.574193,8382000
2013-02-15,0.634167,0.636833,0.612167,0.618833,0.563121,15144000
2013-02-19,0.621167,0.6425,0.6195,0.641167,0.583445,14514000
2013-02-20,0.641667,0.645,0.598167,0.598167,0.544316,25884000
2013-02-21,0.581667,0.590167,0.553833,0.5655,0.51459,27420000
2013-02-22,0.5815,0.603167,0.577,0.600833,0.546742,29910000
2013-02-25,0.615,0.618833,0.5665,0.5665,0.5155,27048000
2013-02-26,0.569167,0.584833,0.564833,0.580667,0.528391,17646000
2013-02-27,0.5835,0.615833,0.580333,0.606667,0.552051,12156000
2013-02-28,0.602,0.6225,0.602,0.622167,0.566155,18894000
2013-03-01,0.592667,0.608333,0.576167,0.600167,0.546136,21294000
2013-03-04,0.603167,0.605333,0.5835,0.597667,0.543861,10890000
2013-03-05,0.613667,0.636,0.6135,0.631667,0.5748,24552000
2013-03-06,0.645,0.645333,0.628667,0.6345,0.577378,22008000
2013-03-07,0.641167,0.6525,0.636667,0.642667,0.584809,15654000
2013-03-08,0.658333,0.658333,0.6275,0.644167,0.586175,29580000
2013-03-11,0.640833,0.649333,0.629167,0.647167,0.588904,9966000
2013-03-12,0.638167,0.6575,0.638167,0.656833,0.5977,10350000
2013-03-13,0.655,0.6665,0.644167,0.662667,0.603009,12882000
2013-03-14,0.669833,0.681333,0.666833,0.671833,0.61135,10014000
2013-03-15,0.671833,0.671833,0.633,0.639167,0.581625,22080000
2013-03-18,0.612667,0.6305,0.604667,0.613333,0.558116,22266000
2013-03-19,0.623167,0.6255,0.5905,0.606167,0.551595,18228000
2013-03-20,0.62,0.633333,0.618,0.63,0.573283,21108000
2013-03-21,0.628167,0.628167,0.598167,0.600167,0.546136,20580000
2013-03-22,0.61,0.629167,0.608167,0.619,0.563273,14652000
2013-03-25,0.632,0.6415,0.606,0.615833,0.560391,13764000
2013-03-26,0.620833,0.633833,0.620833,0.632833,0.575861,9618000
2013-03-27,0.6225,0.6375,0.610333,0.6355,0.578288,9366000
2013-03-28,0.645667,0.65,0.6275,0.647,0.588752,11640000
2013-04-01,0.6375,0.643333,0.604667,0.6105,0.555538,14892000
2013-04-02,0.628,0.628,0.586333,0.593,0.539614,23736000
2013-04-03,0.616667,0.616667,0.551167,0.557333,0.507158,25308000
2013-04-04,0.558,0.58,0.546167,0.578667,0.526571,17364000
2013-04-05,0.550833,0.573167,0.539167,0.570333,0.518987,27174000
2013-04-08,0.564167,0.591333,0.557,0.591333,0.538097,14004000
2013-04-09,0.585833,0.62,0.580833,0.6075,0.552808,19890000
2013-04-10,0.613333,0.648833,0.613,0.6465,0.588297,29310000
2013-04-11,0.639667,0.652,0.627833,0.640167,0.582535,13578000
2013-04-12,0.624833,0.6365,0.609167,0.630667,0.57389,11412000
2013-04-15,0.614,0.6255,0.582333,0.585667,0.532941,22998000
2013-04-16,0.600167,0.6225,0.594333,0.620833,0.564941,15036000
2013-04-17,0.596667,0.596667,0.552167,0.559667,0.509282,26514000
2013-04-18,0.574333,0.588167,0.541667,0.5445,0.49548,19272000
2013-04-19,0.550333,0.561333,0.532667,0.5575,0.50731,22866000
2013-04-22,0.561667,0.580833,0.539667,0.5745,0.522779,22254000
2013-04-23,0.583333,0.614333,0.583333,0.6115,0.556449,29820000
2013-04-24,0.6005,0.639333,0.6005,0.6335,0.576468,17994000
2013-04-25,0.640167,0.664,0.638333,0.652,0.593303,18084000
2013-04-26,0.634,0.641167,0.627,0.634167,0.577075,9282000
2013-04-29,0.633333,0.660833,0.633333,0.655833,0.59679,10020000
2013-04-30,0.662333,0.675333,0.646667,0.675333,0.614535,9654000
2013-05-01,0.678667,0.678667,0.654167,0.656333,0.597245,9882000
2013-05-02,0.671667,0.6865,0.6585,0.6835,0.621966,12612000
2013-05-03,0.7075,0.716667,0.700833,0.703333,0.640014,21360000
2013-05-06,0.717,0.726,0.708167,0.7175,0.652906,17496000
2013-05-07,0.728,0.728,0.704833,0.7165,0.651995,10182000
2013-05-08,0.716667,0.745833,0.716,0.744667,0.677627,10608000
2013-05-09,0.744833,0.7665,0.742,0.7565,0.688394,15090000
2013-05-10,0.763667,0.777333,0.761833,0.777167,0.707201,12012000
2013-05-13,0.779167,0.779167,0.7505,0.753833,0.685967,14652000
2013-05-14,0.76,0.77,0.7515,0.765333,0.696432,11418000
2013-05-15,0.765333,0.7955,0.758333,0.785667,0.714936,8250000
2013-05-16,0.792167,0.798333,0.767833,0.770667,0.701286,8520000
2013-05-17,0.788333,0.800833,0.777667,0.799667,0.727675,9216000
2013-05-20,0.804167,0.809167,0.7905,0.795167,0.72358,16860000
2013-05-21,0.803667,0.803667,0.786,0.7935,0.722064,9300000
2013-05-22,0.800333,0.818833,0.7455,0.757167,0.689001,25668000
2013-05-23,0.7345,0.760333,0.714167,0.756333,0.688242,18678000
2013-05-24,0.741667,0.756167,0.733333,0.756167,0.688091,6270000
2013-05-28,0.796167,0.796167,0.770833,0.776333,0.706442,11004000
2013-05-29,0.754833,0.793167,0.754833,0.785833,0.715087,5958000
2013-05-30,0.790833,0.831,0.790833,0.822,0.747998,11388000
2013-05-31,0.802667,0.826833,0.792,0.798,0.726158,9222000
2013-06-03,0.794833,0.8185,0.771333,0.8,0.727978,14388000
2013-06-04,0.806667,0.835833,0.799,0.810667,0.737685,24846000
2013-06-05,0.805667,0.805667,0.770167,0.773,0.703409,13428000
2013-06-06,0.771833,0.788667,0.7465,0.767,0.697949,11610000
2013-06-07,0.7815,0.805,0.7655,0.803667,0.731315,11730000
2013-06-10,0.8165,0.821,0.797333,0.816333,0.742841,10980000
2013-06-11,0.799167,0.7995,0.761333,0.764167,0.695371,16632000
2013-06-12,0.783,0.787833,0.7335,0.736167,0.669892,17346000
2013-06-13,0.732,0.783833,0.7285,0.780667,0.710386,14190000
2013-06-14,0.797333,0.799833,0.767667,0.772167,0.702651,8658000
2013-06-17,0.792833,0.820167,0.792833,0.805333,0.732831,12372000
2013-06-18,0.822833,0.847667,0.8085,0.8445,0.768472,15378000
2013-06-19,0.845833,0.856,0.8145,0.817,0.743448,16416000
2013-06-20,0.7865,0.7865,0.733,0.740833,0.674138,19248000
2013-06-21,0.742667,0.763333,0.719333,0.7465,0.679295,19020000
2013-06-24,0.7175,0.731167,0.683333,0.700167,0.637133,22710000
2013-06-25,0.719,0.755833,0.717167,0.752,0.684299,13842000
2013-06-26,0.773833,0.776167,0.748333,0.761667,0.693096,11466000
2013-06-27,0.783333,0.791333,0.770167,0.771667,0.702196,11340000
2013-06-28,0.773667,0.792333,0.7525,0.782,0.711599,11352000
2013-07-01,0.787833,0.801333,0.773833,0.776167,0.706291,8286000
2013-07-02,0.776167,0.801667,0.762667,0.778167,0.708111,12954000
2013-07-03,0.755,0.8,0.755,0.7905,0.719333,6444000
2013-07-05,0.805,0.824667,0.794167,0.821333,0.747391,11562000
2013-07-08,0.841833,0.841833,0.7645,0.7725,0.702954,29700000
2013-07-09,0.793333,0.803167,0.787667,0.796333,0.724641,10788000
2013-07-10,0.794333,0.827833,0.793833,0.823667,0.749515,14016000
2013-07-11,0.8585,0.877,0.849,0.876167,0.797288,13638000
2013-07-12,0.883333,0.894833,0.876167,0.891167,0.810938,8298000
2013-07-15,0.898333,0.898333,0.884667,0.891,0.810786,8160000
2013-07-16,0.885667,0.911333,0.884333,0.898333,0.817459,11532000
2013-07-17,0.911,0.911333,0.893333,0.900667,0.819583,13026000
2013-07-18,0.907667,0.907667,0.868833,0.878333,0.799259,14046000
2013-07-19,0.864,0.873,0.847667,0.873,0.794406,12150000
2013-07-22,0.879167,0.879167,0.8555,0.866667,0.788643,6804000
2013-07-23,0.867,0.8935,0.853167,0.857167,0.779999,13200000
2013-07-24,0.866667,0.866667,0.807,0.810167,0.73723,20934000
2013-07-25,0.799833,0.825167,0.7945,0.824667,0.750424,9228000
2013-07-26,0.823,0.823,0.789167,0.802333,0.730101,10296000
2013-07-29,0.801333,0.807167,0.7825,0.789167,0.718121,7278000
2013-07-30,0.797167,0.820833,0.796667,0.8155,0.742083,7872000
2013-07-31,0.823333,0.842833,0.817667,0.827167,0.752699,7854000
2013-08-01,0.854667,0.873667,0.848833,0.872,0.793496,11010000
2013-08-02,0.863667,0.863667,0.839167,0.8555,0.778482,5070000
2013-08-05,0.845667,0.855333,0.8435,0.8515,0.774842,3534000
2013-08-06,0.852667,0.852667,0.8245,0.834167,0.759069,4620000
2013-08-07,0.820667,0.824,0.7985,0.808167,0.73541,6234000
2013-08-08,0.821167,0.822,0.796167,0.810667,0.737685,4242000
2013-08-09,0.808333,0.812333,0.792667,0.798667,0.726765,4308000
2013-08-12,0.786833,0.8145,0.786667,0.8075,0.734803,3732000
2013-08-13,0.815,0.837833,0.7985,0.8345,0.759372,8910000
2013-08-14,0.8165,0.818333,0.792833,0.797333,0.725551,12360000
2013-08-15,0.771667,0.771667,0.741667,0.742667,0.675807,10518000
2013-08-16,0.7425,0.7715,0.738167,0.75,0.68248,7278000
2013-08-19,0.739833,0.759,0.734167,0.734833,0.668678,6270000
2013-08-20,0.7365,0.757,0.736,0.7495,0.682025,6636000
2013-08-21,0.742333,0.752,0.725,0.733,0.66701,8808000
2013-08-22,0.741,0.7625,0.741,0.757833,0.689607,8454000
2013-08-23,0.766,0.7685,0.7455,0.758333,0.690063,9096000
2013-08-26,0.755167,0.768167,0.7495,0.753167,0.685362,4092000
2013-08-27,0.725,0.727833,0.693833,0.697,0.634251,16050000
2013-08-28,0.702667,0.731,0.702667,0.72,0.65518,6834000
2013-08-29,0.7245,0.7525,0.720167,0.7475,0.680205,5964000
2013-08-30,0.746,0.749,0.7195,0.727,0.66155,7362000
2013-09-03,0.7605,0.773333,0.734167,0.744833,0.677778,7626000
2013-09-04,0.759,0.807,0.7525,0.802,0.729798,17016000
2013-09-05,0.8085,0.825333,0.806333,0.820833,0.746936,5136000
2013-09-06,0.829,0.8305,0.79,0.810833,0.737836,10566000
2013-09-09,0.814167,0.846833,0.812333,0.843333,0.76741,5964000
2013-09-10,0.862333,0.891667,0.862,0.890167,0.810028,10008000
2013-09-11,0.879,0.889167,0.859167,0.8825,0.803051,4254000
2013-09-12,0.887333,0.889,0.863333,0.867167,0.789098,3576000
2013-09-13,0.864667,0.879,0.853667,0.878667,0.799563,2934000
2013-09-16,0.910167,0.9115,0.886333,0.889167,0.809118,6642000
2013-09-17,0.894167,0.911667,0.894167,0.907167,0.825497,5118000
2013-09-18,0.905833,0.932833,0.8945,0.9305,0.84673,6474000
2013-09-19,0.935,0.945833,0.9125,0.920833,0.837933,5850000
2013-09-20,0.919167,0.936667,0.902,0.906,0.824435,4320000
2013-09-23,0.909167,0.922,0.883167,0.894333,0.813819,12870000
2013-09-24,0.905,0.923,0.894167,0.912333,0.830198,5820000
2013-09-25,0.917667,0.929167,0.897,0.914667,0.832322,4452000
2013-09-26,0.926833,0.930167,0.902333,0.913333,0.831108,6276000
2013-09-27,0.899833,0.904333,0.885,0.892333,0.811999,3846000
2013-09-30,0.867667,0.900833,0.8535,0.894,0.813516,8412000
2013-10-01,0.899833,0.924167,0.8935,0.917167,0.834597,5850000
2013-10-02,0.8955,0.9155,0.8955,0.9155,0.83308,2394000
2013-10-03,0.909667,0.929667,0.879667,0.908167,0.826407,4836000
2013-10-04,0.908167,0.935833,0.908167,0.9285,0.84491,4698000
2013-10-07,0.906833,0.933333,0.896667,0.914667,0.832322,3126000
2013-10-08,0.9165,0.922167,0.860667,0.871167,0.792738,6852000
2013-10-09,0.871667,0.879,0.831833,0.86,0.782577,7686000
2013-10-10,0.885667,0.922667,0.883,0.9185,0.83581,10824000
2013-10-11,0.908333,0.933333,0.899167,0.927,0.843545,6798000
2013-10-14,0.9015,0.9485,0.9,0.945167,0.860076,5442000
2013-10-15,0.946333,0.951,0.916667,0.921,0.838085,6456000
2013-10-16,0.927,0.9495,0.9225,0.947167,0.861896,4344000
2013-10-17,0.9325,0.969167,0.918167,0.967167,0.880096,5004000
2013-10-18,0.977833,0.977833,0.950833,0.973667,0.886011,6288000
2013-10-21,0.981667,0.986667,0.971667,0.985167,0.896475,4620000
2013-10-22,0.991167,0.991167,0.961833,0.978667,0.89056,6168000
2013-10-23,0.935,0.935,0.868667,0.882,0.802596,13896000
2013-10-24,0.897333,0.913,0.897333,0.9035,0.822161,5088000
2013-10-25,0.911833,0.916667,0.9035,0.9135,0.83126,7236000
2013-10-28,0.913333,0.935833,0.907333,0.932333,0.848398,3276000
2013-10-29,0.941667,0.974667,0.941667,0.973333,0.885707,6594000
2013-10-30,0.9785,0.984833,0.947333,0.959,0.872664,4176000
2013-10-31,0.9615,0.992667,0.960167,0.975333,0.887526,6642000
2013-11-01,0.983167,0.9875,0.955,0.964667,0.877821,4572000
2013-11-04,0.976833,0.976833,0.957167,0.962833,0.876152,2082000
2013-11-05,0.941333,0.965667,0.9305,0.954167,0.868266,3276000
2013-11-06,0.968167,0.970167,0.947833,0.964833,0.877972,2826000
2013-11-07,0.962,0.962,0.905167,0.909333,0.827468,7236000
2013-11-08,0.905333,0.9405,0.9,0.9395,0.854919,5514000
2013-11-11,0.9305,0.941667,0.922,0.938833,0.854312,2082000
2013-11-12,0.93,0.957167,0.93,0.9545,0.868569,4428000
2013-11-13,0.943333,0.982333,0.937,0.9815,0.893138,2928000
2013-11-14,0.980833,0.980833,0.961667,0.967833,0.880702,2946000
2013-11-15,0.972667,0.99,0.955833,0.986167,0.897385,3630000
2013-11-18,0.99,0.990667,0.953667,0.9595,0.873119,7848000
2013-11-19,0.964833,0.966167,0.9235,0.926,0.842635,6336000
2013-11-20,0.9295,0.9365,0.905167,0.912167,0.830047,5040000
2013-11-21,0.921833,0.962667,0.921333,0.960833,0.874332,4164000
2013-11-22,0.957333,0.966167,0.948167,0.9625,0.875849,2322000
2013-11-25,0.967667,0.967667,0.941333,0.959167,0.872816,3900000
2013-11-26,0.974333,0.99,0.961833,0.983833,0.895261,5604000
2013-11-27,0.973833,0.997,0.967,0.996667,0.90694,4746000
2013-11-29,1.0,1.009333,0.993667,0.9965,0.906788,2976000
2013-12-02,1.005333,1.007,0.987167,0.991167,0.901935,5214000
2013-12-03,0.9845,1.011,0.9825,1.001333,0.911186,5022000
2013-12-04,0.997167,1.008333,0.968333,0.988667,0.89966,2712000
2013-12-05,0.99,1.007,0.988,0.995167,0.905575,3810000
2013-12-06,1.040167,1.040167,1.018333,1.0295,0.936817,4728000
2013-12-09,1.046333,1.049,1.032167,1.0375,0.944097,3150000
2013-12-10,1.034,1.042167,1.017833,1.028667,0.936059,1938000
2013-12-11,1.0325,1.036,0.994167,0.998333,0.908456,3504000
2013-12-12,0.995333,1.001667,0.9695,0.973167,0.885555,4140000
2013-12-13,0.983333,0.989,0.961667,0.968,0.880854,4620000
2013-12-16,0.989,1.024667,0.989,1.007,0.916343,3594000
2013-12-17,1.007,1.0455,1.007,1.038333,0.944855,5094000
2013-12-18,1.0405,1.061833,0.992333,1.059,0.963661,6684000
2013-12-19,1.057333,1.057333,1.026167,1.04,0.946372,3366000
2013-12-20,1.04,1.075167,1.04,1.0665,0.970486,7314000
2013-12-23,1.086,1.097167,1.077333,1.093,0.994601,4920000
2013-12-24,1.101333,1.113,1.095,1.106,1.00643,2052000
2013-12-26,1.111667,1.121,1.105333,1.116167,1.015682,4362000
2013-12-27,1.1195,1.1265,1.110833,1.113167,1.012952,2088000
2013-12-30,1.107833,1.128667,1.107833,1.121667,1.020686,2718000
2013-12-31,1.129167,1.151333,1.129167,1.150333,1.046772,4722000
2014-01-02,1.128667,1.128667,1.087333,1.098667,0.999757,7344000
2014-01-03,1.1035,1.1035,1.0785,1.094667,0.996117,4176000
2014-01-06,1.1005,1.1005,1.069167,1.074,0.977311,3546000
2014-01-07,1.083667,1.102833,1.079833,1.099,1.00006,2796000
2014-01-08,1.124,1.15,1.116667,1.1475,1.044194,4404000
2014-01-09,1.159,1.159,1.110167,1.123167,1.022051,2556000
2014-01-10,1.123333,1.141667,1.121167,1.136833,1.034487,2616000
2014-01-13,1.131,1.142,1.0875,1.096333,0.997633,5268000
2014-01-14,1.101333,1.174167,1.097167,1.171667,1.066185,8208000
2014-01-15,1.184833,1.211333,1.181667,1.201333,1.09318,5568000
2014-01-16,1.198333,1.201667,1.175,1.181333,1.074981,6768000
2014-01-17,1.167,1.185333,1.1535,1.161,1.056478,4092000
2014-01-21,1.176,1.184167,1.154333,1.183833,1.077256,5472000
2014-01-22,1.183833,1.225,1.1755,1.224333,1.11411,3648000
2014-01-23,1.189667,1.201833,1.162,1.182667,1.076195,6252000
2014-01-24,1.161333,1.166833,1.098,1.099667,1.000667,8844000
2014-01-27,1.113333,1.113833,1.0585,1.078667,0.981558,8034000
2014-01-28,1.070667,1.097333,1.057333,1.091833,0.993538,4476000
2014-01-29,1.071,1.107333,1.071,1.0765,0.979586,6654000
2014-01-30,1.102333,1.127833,1.095833,1.118333,1.017653,5076000
2014-01-31,1.084833,1.117,1.072,1.101,1.00188,3480000
2014-02-03,1.0985,1.0985,1.022167,1.0315,0.938637,7428000
2014-02-04,1.032333,1.040333,1.016167,1.033167,0.940153,6804000
2014-02-05,1.0275,1.051167,1.002333,1.037333,0.943945,4200000
2014-02-06,1.0545,1.093333,1.053667,1.086667,0.988837,7758000
2014-02-07,1.1015,1.142333,1.089333,1.139167,1.036611,7098000
2014-02-10,1.132333,1.1615,1.131833,1.156667,1.052535,4908000
2014-02-11,1.162333,1.209667,1.159,1.200833,1.092725,6120000
2014-02-12,1.22,1.240333,1.213667,1.234667,1.123513,8586000
2014-02-13,1.213,1.279,1.209333,1.279,1.163855,5844000
2014-02-14,1.278833,1.305,1.2625,1.300167,1.183116,7818000
2014-02-18,1.317667,1.317667,1.283333,1.310667,1.192671,5424000
2014-02-19,1.305167,1.3265,1.296833,1.307667,1.189941,4584000
2014-02-20,1.310333,1.341667,1.3035,1.3385,1.217999,5178000
2014-02-21,1.343833,1.351667,1.306167,1.318167,1.199496,5064000
2014-02-24,1.3375,1.358333,1.3285,1.333333,1.213297,4512000
2014-02-25,1.328167,1.338667,1.291833,1.313833,1.195552,6354000
2014-02-26,1.322667,1.367833,1.322667,1.339333,1.218757,5082000
2014-02-27,1.333333,1.3465,1.310333,1.3375,1.217089,3162000
2014-02-28,1.348167,1.350833,1.307,1.333333,1.213297,4836000
2014-03-03,1.2935,1.32,1.2725,1.3115,1.193429,8346000
2014-03-04,1.351833,1.384833,1.351333,1.3795,1.255307,7014000
2014-03-05,1.3795,1.4,1.371833,1.388167,1.263194,3366000
2014-03-06,1.4,1.421333,1.385167,1.419833,1.292009,3126000
2014-03-07,1.433167,1.436833,1.399667,1.413167,1.285944,3978000
2014-03-10,1.401667,1.422333,1.385,1.404167,1.277754,1980000
2014-03-11,1.418167,1.4275,1.370167,1.381833,1.257431,2088000
2014-03-12,1.360167,1.416667,1.3535,1.416667,1.289128,2508000
2014-03-13,1.431667,1.438167,1.323,1.345833,1.224671,5796000
2014-03-14,1.333333,1.358333,1.321833,1.3245,1.205259,3678000
2014-03-17,1.352333,1.385167,1.349333,1.372,1.248483,4002000
2014-03-18,1.387833,1.432667,1.371333,1.4305,1.301716,8142000
2014-03-19,1.432833,1.457,1.400333,1.427333,1.298834,6624000
2014-03-20,1.404667,1.5085,1.404667,1.507667,1.371936,6588000
2014-03-21,1.5255,1.527167,1.456,1.468,1.33584,7470000
2014-03-24,1.489667,1.489667,1.413667,1.449833,1.319309,9888000
2014-03-25,1.461,1.505167,1.456833,1.479833,1.346608,6858000
2014-03-26,1.51,1.533333,1.432667,1.435,1.305811,8124000
2014-03-27,1.422833,1.447833,1.389333,1.3995,1.273507,5778000
2014-03-28,1.415,1.461667,1.408333,1.429667,1.300958,4116000
2014-03-31,1.463167,1.5095,1.455,1.4985,1.363594,9546000
2014-04-01,1.530833,1.5685,1.514833,1.5685,1.427292,8106000
2014-04-02,1.583333,1.583333,1.536167,1.558667,1.418344,7266000
2014-04-03,1.566667,1.611833,1.544667,1.568,1.426837,6804000
2014-04-04,1.610833,1.610833,1.430333,1.436167,1.306873,15960000
2014-04-07,1.411667,1.459167,1.370333,1.3965,1.270777,9858000
2014-04-08,1.408333,1.453833,1.400667,1.448833,1.318399,5208000
2014-04-09,1.478667,1.500167,1.45,1.4955,1.360864,7512000
2014-04-10,1.500667,1.502,1.353333,1.357667,1.23544,11070000
2014-04-11,1.316667,1.368667,1.282333,1.292833,1.176443,9384000
2014-04-14,1.322833,1.3455,1.2885,1.323167,1.204046,5760000
2014-04-15,1.3375,1.362,1.28,1.3505,1.228918,6870000
2014-04-16,1.377667,1.377667,1.286667,1.342667,1.22179,5334000
2014-04-17,1.339667,1.437667,1.339667,1.420167,1.292313,10782000
2014-04-21,1.425667,1.458667,1.401833,1.457667,1.326437,6312000
2014-04-22,1.466667,1.51,1.458,1.499333,1.364352,5940000
2014-04-23,1.504,1.514167,1.4805,1.493167,1.358741,2610000
2014-04-24,1.532333,1.532333,1.459833,1.516333,1.379822,6888000
2014-04-25,1.478,1.478,1.360333,1.369667,1.24636,12810000
2014-04-28,1.379167,1.404333,1.291833,1.344667,1.22361,7662000
2014-04-29,1.363667,1.3855,1.338833,1.369167,1.245905,3888000
2014-04-30,1.3545,1.396833,1.353833,1.396833,1.27108,4680000
2014-05-01,1.399,1.435333,1.375833,1.383,1.258492,4398000
2014-05-02,1.369833,1.412333,1.369833,1.391333,1.266075,4212000
2014-05-05,1.376333,1.408833,1.357167,1.398,1.272143,2844000
2014-05-06,1.404167,1.421667,1.380833,1.381333,1.256976,2064000
2014-05-07,1.394333,1.399333,1.348833,1.384,1.259402,3090000
2014-05-08,1.3715,1.470667,1.371167,1.412333,1.285184,7788000
2014-05-09,1.408,1.411167,1.370167,1.400833,1.274719,2988000
2014-05-12,1.409333,1.481167,1.409333,1.476667,1.343727,9942000
2014-05-13,1.488,1.489333,1.442167,1.444,1.314001,4584000
2014-05-14,1.433,1.442833,1.405,1.407167,1.280484,3846000
2014-05-15,1.395,1.4065,1.3255,1.357833,1.235591,8310000
2014-05-16,1.3555,1.4045,1.3515,1.398,1.272143,3402000
2014-05-19,1.392833,1.454333,1.392833,1.442833,1.312938,4440000
2014-05-20,1.444167,1.456833,1.4,1.4225,1.294436,3666000
2014-05-21,1.436667,1.455333,1.422,1.443,1.31309,4350000
2014-05-22,1.452833,1.48,1.447333,1.464167,1.332352,4740000
2014-05-23,1.462833,1.506167,1.457833,1.5035,1.368144,7674000
2014-05-27,1.545667,1.561,1.522,1.561,1.420467,6498000
2014-05-28,1.574833,1.579833,1.543,1.566,1.425017,4740000
2014-05-29,1.569667,1.594,1.566833,1.575667,1.433814,3030000
2014-05-30,1.574167,1.588167,1.563833,1.582167,1.439729,2382000
2014-06-02,1.609667,1.620833,1.5675,1.607833,1.463084,3918000
2014-06-03,1.609167,1.658833,1.600833,1.653167,1.504337,6246000
2014-06-04,1.6535,1.6825,1.6365,1.675667,1.524812,4044000
2014-06-05,1.685833,1.714167,1.655833,1.698833,1.545892,6264000
2014-06-06,1.710833,1.7355,1.704667,1.724167,1.568945,6654000
2014-06-09,1.733,1.7655,1.728333,1.7365,1.580168,6924000
2014-06-10,1.739833,1.755333,1.714167,1.753833,1.595941,4128000
2014-06-11,1.737833,1.797667,1.737833,1.779333,1.619145,4884000
2014-06-12,1.778833,1.794833,1.740333,1.760833,1.60231,6840000
2014-06-13,1.811,1.829167,1.781333,1.810833,1.647809,6210000
2014-06-16,1.816167,1.854667,1.802333,1.844667,1.678597,7470000
2014-06-17,1.850833,1.893333,1.838667,1.886167,1.716361,6432000
2014-06-18,1.891167,1.892833,1.816333,1.8635,1.695734,9090000
2014-06-19,1.880333,1.883167,1.831667,1.868667,1.700436,7944000
2014-06-20,1.872167,1.885,1.857833,1.885,1.715299,4170000
2014-06-23,1.892667,1.892667,1.8585,1.864167,1.696341,6738000
2014-06-24,1.853667,1.904167,1.8075,1.822667,1.658577,9162000
2014-06-25,1.808333,1.848833,1.784333,1.842333,1.676473,6300000
2014-06-26,1.830833,1.845333,1.7765,1.818833,1.655089,5352000
2014-06-27,1.805167,1.8275,1.796167,1.8275,1.662975,2694000
2014-06-30,1.829167,1.89,1.829167,1.884667,1.714996,4662000
2014-07-01,1.898333,1.988167,1.898333,1.962333,1.78567,9978000
2014-07-02,1.978833,1.985833,1.9585,1.977167,1.799168,5664000
2014-07-03,1.981667,2.024667,1.981667,2.017,1.835415,3942000
2014-07-07,2.017,2.022667,1.964333,1.974833,1.797044,8154000
2014-07-08,1.9635,1.976167,1.887167,1.945,1.769897,10506000
2014-07-09,1.9605,1.985,1.915,1.978833,1.800684,6528000
2014-07-10,1.892333,1.9745,1.872,1.950333,1.77475,6774000
2014-07-11,1.960667,1.969,1.926833,1.954167,1.778239,3882000
2014-07-14,1.9905,2.002,1.965,1.9805,1.802201,7164000
2014-07-15,1.998667,1.998833,1.909667,1.964833,1.787945,6828000
2014-07-16,2.0105,2.035833,1.995333,2.032833,1.849823,5760000
2014-07-17,1.9845,1.9845,1.865167,1.875833,1.706957,12642000
2014-07-18,1.9,1.954667,1.887,1.949333,1.77384,5280000
2014-07-21,1.949167,1.976167,1.931667,1.965333,1.7884,3408000
2014-07-22,2.000167,2.015167,1.975,2.002833,1.822524,4308000
2014-07-23,1.9825,1.9825,1.862,1.8645,1.696644,12192000
2014-07-24,1.8645,1.866667,1.811167,1.817333,1.653724,9876000
2014-07-25,1.781667,1.781667,1.691333,1.708,1.554233,10626000
2014-07-28,1.713333,1.713667,1.639667,1.7025,1.549229,8148000
2014-07-29,1.7135,1.742667,1.692167,1.694667,1.542101,5832000
2014-07-30,1.723833,1.758333,1.7115,1.744667,1.5876,5922000
2014-07-31,1.691167,1.699333,1.614333,1.626333,1.479919,9606000
2014-08-01,1.616667,1.681667,1.61,1.650667,1.502062,9360000
2014-08-04,1.6645,1.686667,1.625,1.671333,1.520868,4602000
2014-08-05,1.646833,1.674667,1.6,1.6215,1.475521,6888000
2014-08-06,1.597,1.668167,1.593667,1.636,1.488716,8052000
2014-08-07,1.670667,1.676667,1.558333,1.571833,1.430325,7098000
2014-08-08,1.5875,1.629,1.578,1.6245,1.478251,6456000
2014-08-11,1.648167,1.699833,1.648167,1.6735,1.522839,7698000
2014-08-12,1.663833,1.687167,1.624167,1.667167,1.517077,5640000
2014-08-13,1.682167,1.715167,1.677333,1.715167,1.560755,5910000
2014-08-14,1.716667,1.7345,1.709,1.724333,1.569096,4776000
2014-08-15,1.7595,1.797667,1.719,1.776333,1.616415,7260000
2014-08-18,1.7985,1.8025,1.762333,1.799833,1.637799,6054000
2014-08-19,1.805833,1.8475,1.805833,1.838333,1.672833,4548000
2014-08-20,1.838333,1.893,1.831833,1.8835,1.713934,4878000
2014-08-21,1.889833,1.910833,1.873167,1.9085,1.736683,4374000
2014-08-22,1.916167,1.934833,1.887667,1.912667,1.740475,6348000
2014-08-25,1.9505,1.9505,1.880333,1.8895,1.719394,6822000
2014-08-26,1.885167,1.9115,1.885167,1.891167,1.720911,3456000
2014-08-27,1.890167,1.907167,1.8655,1.9015,1.730313,3738000
2014-08-28,1.8835,1.942167,1.864333,1.942167,1.767319,3102000
2014-08-29,1.9525,1.981667,1.939167,1.963667,1.786883,5214000
2014-09-02,1.9765,1.9765,1.911833,1.937167,1.762769,4158000
2014-09-03,1.971833,1.978167,1.939167,1.954167,1.778239,3906000
2014-09-04,1.965167,2.014833,1.9555,1.969167,1.791888,6786000
2014-09-05,1.9665,2.018667,1.964333,2.018667,1.836932,8496000
2014-09-08,2.018667,2.064833,2.01,2.031167,1.848307,5826000
2014-09-09,2.031333,2.0375,1.969167,1.977333,1.79932,4278000
2014-09-10,1.976667,1.987667,1.936833,1.975333,1.7975,7584000
2014-09-11,1.9575,1.991333,1.929167,1.990333,1.811149,4134000
2014-09-12,1.975667,1.975667,1.9,1.913333,1.741081,5574000
2014-09-15,1.921667,1.928333,1.8415,1.8435,1.677535,7626000
2014-09-16,1.8365,1.947,1.832,1.939167,1.764589,6174000
2014-09-17,1.9465,2.016667,1.9465,1.985,1.806296,8154000
2014-09-18,2.0135,2.070333,1.992833,2.070333,1.883947,6774000
2014-09-19,2.0875,2.093167,1.985,1.996333,1.816609,6696000
2014-09-22,1.978333,1.986667,1.912333,1.923333,1.750181,8310000
2014-09-23,1.892833,1.953833,1.879167,1.908333,1.736531,5520000
2014-09-24,1.922167,1.980167,1.917167,1.976833,1.798864,4500000
2014-09-25,1.972333,1.972333,1.851167,1.869833,1.701497,8892000
2014-09-26,1.898,1.951167,1.896,1.934833,1.760646,5322000
2014-09-29,1.874833,1.9615,1.865667,1.943,1.768077,4182000
2014-09-30,1.946167,1.948333,1.875,1.8945,1.723943,5490000
2014-10-01,1.885833,1.885833,1.7425,1.756333,1.598215,13020000
2014-10-02,1.748333,1.748333,1.631833,1.727167,1.571675,17538000
2014-10-03,1.779,1.791667,1.73,1.753333,1.595485,10464000
2014-10-06,1.7745,1.7755,1.677333,1.711,1.556963,7080000
2014-10-07,1.694167,1.7045,1.614833,1.614833,1.469454,6960000
2014-10-08,1.619833,1.73,1.570833,1.721333,1.566366,11916000
2014-10-09,1.716667,1.716667,1.579,1.5835,1.440942,11388000
2014-10-10,1.454333,1.454333,1.213667,1.255333,1.142319,57942000
2014-10-13,1.260167,1.302667,1.174167,1.174167,1.06846,18840000
2014-10-14,1.236667,1.305,1.207167,1.2405,1.128821,30090000
2014-10-15,1.174,1.283333,1.144667,1.256833,1.143684,41124000
2014-10-16,1.2025,1.342167,1.191667,1.311333,1.193277,31764000
2014-10-17,1.3875,1.409333,1.335833,1.343333,1.222396,43908000
2014-10-20,1.336,1.410167,1.317167,1.406833,1.28018,16344000
2014-10-21,1.459667,1.565,1.442333,1.559833,1.419405,22548000
2014-10-22,1.589667,1.606667,1.492,1.495,1.360409,32538000
2014-10-23,1.547833,1.584,1.5385,1.559667,1.419254,17814000
2014-10-24,1.558333,1.616833,1.558333,1.61,1.465056,15600000
2014-10-27,1.5835,1.6365,1.562833,1.6265,1.480071,24660000
2014-10-28,1.646,1.699,1.635333,1.697333,1.544527,18132000
2014-10-29,1.69,1.72,1.649,1.7075,1.553778,24510000
2014-10-30,1.693667,1.693667,1.580667,1.649833,1.501303,17796000
2014-10-31,1.779167,1.863833,1.779167,1.841667,1.675867,30552000
2014-11-03,1.873167,1.904333,1.8415,1.875833,1.706957,12402000
2014-11-04,1.859,1.890167,1.8135,1.860167,1.692701,8046000
2014-11-05,1.9,1.919167,1.8485,1.915,1.742598,13212000
2014-11-06,1.885333,1.896167,1.8275,1.866167,1.698161,11454000
2014-11-07,1.866167,1.878,1.766167,1.811333,1.648264,16014000
2014-11-10,1.827833,1.860667,1.802167,1.852333,1.685573,3756000
2014-11-11,1.865667,1.865667,1.821333,1.836167,1.670862,4548000
2014-11-12,1.811667,1.84,1.803333,1.832833,1.667828,3774000
2014-11-13,1.847167,1.891,1.816667,1.836,1.67071,7716000
2014-11-14,1.819167,1.886,1.794833,1.881167,1.711811,9924000
2014-11-17,1.858333,1.8705,1.809333,1.856833,1.689667,10320000
2014-11-18,1.865,1.979667,1.865,1.964167,1.787338,10830000
2014-11-19,1.968667,1.974833,1.897167,1.926333,1.75291,8220000
2014-11-20,1.884,1.983333,1.874,1.98,1.801746,8310000
2014-11-21,2.045667,2.06,1.997833,2.0395,1.855889,12906000
2014-11-24,2.054,2.106333,2.041667,2.1025,1.913218,9054000
2014-11-25,2.116667,2.124833,2.089,2.101667,1.91246,6144000
2014-11-26,2.1125,2.238833,2.1125,2.237167,2.035761,10092000
2014-11-28,2.256167,2.277167,2.213,2.25,2.047439,6168000
2014-12-01,2.232333,2.262,2.142667,2.1715,1.976005,13002000
2014-12-02,2.189833,2.213333,2.127333,2.212833,2.013617,8928000
2014-12-03,2.233167,2.359167,2.233167,2.350333,2.138739,10110000
2014-12-04,2.382167,2.403333,2.316667,2.3605,2.14799,11634000
2014-12-05,2.378,2.433,2.364667,2.433,2.213964,6846000
2014-12-08,2.428833,2.444667,2.2825,2.328167,2.118568,15150000
2014-12-09,2.2115,2.342,2.206333,2.321833,2.112804,12642000
2014-12-10,2.324,2.333167,2.179333,2.191833,1.994509,11838000
2014-12-11,2.229333,2.304833,2.2075,2.223,2.02287,9138000
2014-12-12,2.166667,2.2085,2.107,2.113,1.922772,10422000
2014-12-15,2.150833,2.204667,2.033333,2.053,1.868174,16956000
2014-12-16,2.027667,2.1445,2.002167,2.018,1.836325,16812000
2014-12-17,2.023667,2.157833,1.973333,2.148167,1.954773,15510000
2014-12-18,2.249333,2.266667,2.201667,2.266667,2.062605,21252000
2014-12-19,2.290333,2.2965,2.213667,2.249,2.046529,15420000
2014-12-22,2.280667,2.355833,2.2715,2.348833,2.137374,10992000
2014-12-23,2.4,2.404667,2.329,2.3355,2.125317,16380000
2014-12-24,2.344,2.371667,2.333333,2.343667,2.132748,3030000
2014-12-26,2.369,2.378,2.341167,2.352833,2.14109,3072000
2014-12-29,2.339667,2.347333,2.302333,2.331833,2.121979,5970000
2014-12-30,2.284167,2.32,2.284167,2.291667,2.085429,5286000
2014-12-31,2.298167,2.347333,2.245667,2.247,2.044781,8412000
2015-01-02,2.287167,2.322,2.182333,2.247167,2.044933,15978000
2015-01-05,2.1855,2.225,2.114833,2.12,1.92921,12648000
2015-01-06,2.1175,2.125,1.957167,1.975667,1.797867,13386000
2015-01-07,2.010333,2.063667,1.977,2.0355,1.852316,8574000
2015-01-08,2.116667,2.261833,2.1,2.218667,2.018998,13884000
2015-01-09,2.245833,2.2525,2.1375,2.224167,2.024004,11070000
2015-01-12,2.193667,2.193667,2.055667,2.0905,1.902365,10962000
2015-01-13,2.137,2.2135,1.996333,2.028167,1.845642,12708000
2015-01-14,1.962,2.056167,1.9335,1.995667,1.816067,9324000
2015-01-15,2.034333,2.074833,1.941667,1.947,1.77178,6774000
2015-01-16,1.929,2.021,1.903333,2.0135,1.832295,8616000
2015-01-20,2.03,2.099,1.997167,2.077167,1.890232,9438000
2015-01-21,2.060167,2.1715,2.035667,2.145333,1.952263,9642000
2015-01-22,2.151667,2.190833,2.018333,2.185667,1.988968,12336000
2015-01-23,2.161167,2.2,2.129333,2.1665,1.971526,9594000
2015-01-26,2.164167,2.192667,2.1035,2.189167,1.992153,6576000
2015-01-27,2.1,2.125,2.020333,2.063333,1.877643,15486000
2015-01-28,2.133333,2.198167,2.029833,2.0325,1.849585,13218000
2015-01-29,2.002,2.060667,1.924167,2.038333,1.854894,15474000
2015-01-30,1.984333,2.048333,1.908333,1.913,1.740839,10230000
2015-02-02,1.932,1.943333,1.806,1.9305,1.756765,14562000
2015-02-03,1.9595,2.037833,1.945333,2.034667,1.851557,10800000
2015-02-04,2.020333,2.101,2.003833,2.059,1.8737,8946000
2015-02-05,2.069167,2.1175,2.052333,2.115333,1.924964,6324000
2015-02-06,2.1285,2.1785,2.065167,2.083333,1.895843,11220000
2015-02-09,2.047833,2.073833,2.0,2.015167,1.833811,6336000
2015-02-10,2.089,2.220833,2.0755,2.219333,2.019604,10446000
2015-02-11,2.216333,2.266667,2.153833,2.241667,2.039928,9228000
2015-02-12,2.283167,2.35,2.266167,2.349833,2.13836,8820000
2015-02-13,2.389,2.419,2.336,2.399833,2.18386,8976000
2015-02-17,2.400667,2.4295,2.373667,2.423833,2.205699,5856000
2015-02-18,2.416667,2.421667,2.373333,2.4,2.184012,5652000
2015-02-19,2.383833,2.443,2.376833,2.422,2.204032,5124000
2015-02-20,2.403833,2.468,2.382333,2.465167,2.243314,6198000
2015-02-23,2.463167,2.464833,2.3905,2.416167,2.198725,5010000
2015-02-24,2.4075,2.517333,2.368667,2.514,2.287752,8376000
2015-02-25,2.513333,2.518167,2.452333,2.471833,2.24938,5766000
2015-02-26,2.505167,2.545833,2.483333,2.522,2.295033,6090000
2015-02-27,2.5275,2.544667,2.480667,2.503833,2.278501,4236000
2015-03-02,2.558667,2.713167,2.558667,2.711833,2.467782,10602000
2015-03-03,2.686167,2.686167,2.55,2.555167,2.325214,11424000
2015-03-04,2.534667,2.554333,2.459333,2.551,2.321423,7704000
2015-03-05,2.588667,2.597167,2.520833,2.553333,2.323545,5172000
2015-03-06,2.521833,2.542667,2.452833,2.476333,2.253474,6402000
2015-03-09,2.47,2.514,2.462667,2.498,2.273192,3822000
2015-03-10,2.442833,2.462333,2.348,2.357,2.144882,10950000
2015-03-11,2.387667,2.4485,2.373167,2.376833,2.16293,5814000
2015-03-12,2.3055,2.374167,2.295,2.373833,2.1602,5214000
2015-03-13,2.389167,2.434,2.342167,2.422833,2.20479,5982000
2015-03-16,2.440167,2.533667,2.440167,2.5295,2.301858,6324000
2015-03-17,2.481833,2.4895,2.4295,2.475667,2.252869,6150000
2015-03-18,2.475833,2.5675,2.3785,2.53,2.302313,8148000
2015-03-19,2.53,2.567333,2.509667,2.5485,2.319148,4704000
2015-03-20,2.607333,2.680833,2.590667,2.660333,2.420917,6618000
2015-03-23,2.660167,2.668167,2.585833,2.585833,2.353121,6318000
2015-03-24,2.574167,2.605,2.516833,2.519667,2.292909,6552000
2015-03-25,2.529167,2.529167,2.166667,2.1745,1.978806,21066000
2015-03-26,2.058333,2.125,1.9425,2.084833,1.897208,24066000
2015-03-27,2.0725,2.282833,2.068,2.256,2.052972,16368000
2015-03-30,2.3,2.362333,2.263,2.35,2.138511,16764000
2015-03-31,2.307167,2.323333,2.254667,2.267333,2.063283,6942000
2015-04-01,2.2465,2.253167,2.166667,2.224667,2.024458,12366000
2015-04-02,2.229667,2.270833,2.199667,2.202333,2.004133,10686000
2015-04-06,2.136333,2.249167,2.108833,2.233833,2.032799,8514000
2015-04-07,2.250333,2.296667,2.225167,2.2395,2.037956,5790000
2015-04-08,2.2265,2.299833,2.22,2.279833,2.074659,3948000
2015-04-09,2.241333,2.374333,2.241333,2.368333,2.155195,7356000
2015-04-10,2.382,2.394833,2.356667,2.394833,2.17931,4248000
2015-04-13,2.394833,2.433,2.342667,2.348333,2.136995,7758000
2015-04-14,2.368,2.368,2.254833,2.279833,2.074659,8010000
2015-04-15,2.336333,2.415167,2.302833,2.395,2.179462,8970000
2015-04-16,2.333333,2.379,2.3195,2.364833,2.152009,3702000
2015-04-17,2.312833,2.312833,2.228333,2.2635,2.059796,9108000
2015-04-20,2.2995,2.3465,2.2915,2.318833,2.110149,4416000
2015-04-21,2.396333,2.416667,2.342167,2.3695,2.156257,6054000
2015-04-22,2.399167,2.472,2.358333,2.467667,2.245589,9702000
2015-04-23,2.3325,2.380833,2.287167,2.351833,2.14018,11388000
2015-04-24,2.341667,2.346,2.194333,2.236833,2.035529,18216000
2015-04-27,2.2425,2.325,2.234667,2.260167,2.056763,8376000
2015-04-28,2.241833,2.275167,2.166667,2.263,2.05934,4686000
2015-04-29,2.2405,2.246167,2.155833,2.225,2.024761,7008000
2015-04-30,2.205833,2.236,2.126,2.174167,1.978503,6360000
2015-05-01,2.195833,2.360667,2.195833,2.343667,2.132748,17382000
2015-05-04,2.353167,2.380333,2.31,2.328333,2.118794,7014000
2015-05-05,2.307167,2.307167,2.174667,2.181167,1.984873,11862000
2015-05-06,2.201667,2.2285,2.124667,2.173,1.977441,9012000
2015-05-07,2.193,2.256,2.193,2.246167,2.044023,7686000
2015-05-08,2.300167,2.3385,2.286833,2.3105,2.102566,10140000
2015-05-11,2.304833,2.338167,2.282,2.311167,2.103173,7164000
2015-05-12,2.288167,2.291167,2.2185,2.255833,2.052819,6732000
2015-05-13,2.278,2.341333,2.274167,2.292667,2.086339,5100000
2015-05-14,2.341333,2.402833,2.3145,2.377333,2.163385,10308000
2015-05-15,2.4,2.416667,2.3535,2.389,2.174002,4164000
2015-05-18,2.379667,2.460833,2.379667,2.453,2.232242,6348000
2015-05-19,2.480167,2.506833,2.4035,2.430667,2.211919,6744000
2015-05-20,2.454667,2.5,2.416,2.443333,2.223445,2923500
2015-05-21,2.436667,2.493333,2.404,2.48,2.256814,2389500
2015-05-22,2.487333,2.523333,2.480667,2.498,2.273192,2566500
2015-05-26,2.473333,2.491333,2.404667,2.444,2.224052,4063500
2015-05-27,2.462,2.752,2.456667,2.729333,2.483706,13917000
2015-05-28,2.735333,2.780667,2.682667,2.736667,2.490381,6607500
2015-05-29,2.753333,2.800667,2.73,2.760667,2.512221,5224500
2015-06-01,2.807333,2.830667,2.731333,2.773333,2.523747,6366000
2015-06-02,2.749333,2.749333,2.666667,2.675333,2.434566,5436000
2015-06-03,2.725333,2.727333,2.62,2.622,2.386033,4191000
2015-06-04,2.589333,2.619333,2.530667,2.553333,2.323545,8517000
2015-06-05,2.546667,2.573333,2.480667,2.557333,2.327186,6295500
2015-06-08,2.557333,2.560667,2.392,2.416667,2.199179,10593000
2015-06-09,2.407333,2.424667,2.333333,2.404,2.187652,10443000
2015-06-10,2.456,2.521333,2.433333,2.494,2.269552,8491500
2015-06-11,2.528,2.533333,2.486,2.492667,2.26834,5124000
2015-06-12,2.460667,2.466667,2.414667,2.424667,2.206459,3468000
2015-06-15,2.376667,2.414667,2.31,2.406667,2.190079,3541500
2015-06-16,2.384,2.448,2.376667,2.432,2.213132,3762000
2015-06-17,2.45,2.465333,2.408,2.437333,2.217985,4078500
2015-06-18,2.458667,2.573333,2.458667,2.540667,2.31202,7689000
2015-06-19,2.547333,2.567333,2.475333,2.518,2.291392,4377000
2015-06-22,2.563333,2.585333,2.527333,2.565333,2.334466,4977000
2015-06-23,2.576667,2.594,2.498,2.521333,2.294425,5640000
2015-06-24,2.512667,2.531333,2.443333,2.446667,2.226479,4566000
2015-06-25,2.488667,2.488667,2.419333,2.441333,2.221625,3018000
2015-06-26,2.381333,2.381333,2.228,2.263333,2.059644,10182000
2015-06-29,2.166667,2.217333,2.064667,2.07,1.88371,11571000
2015-06-30,2.127333,2.142,2.064,2.094667,1.906157,11799000
2015-07-01,2.172667,2.191333,2.092667,2.11,1.92011,10522500
2015-07-02,2.123333,2.156,2.107333,2.136,1.94377,3387000
2015-07-06,2.093333,2.136,2.015333,2.050667,1.866117,8164500
2015-07-07,2.047333,2.047333,1.839333,2.023333,1.841243,8449500
2015-07-08,1.941333,1.983333,1.843333,1.875333,1.706563,7170000
2015-07-09,1.966667,1.974,1.786,1.786,1.625269,11626500
2015-07-10,1.866667,1.907333,1.846667,1.887333,1.717482,10768500
2015-07-13,1.943333,1.945333,1.892667,1.932667,1.758736,7369500
2015-07-14,1.953333,2.008667,1.953333,1.999333,1.819403,5853000
2015-07-15,2.011333,2.011333,1.932,1.958667,1.782397,8317500
2015-07-16,2.006667,2.006667,1.916,1.971333,1.793923,9607500
2015-07-17,1.952,1.963333,1.909333,1.954667,1.778757,5380500
2015-07-20,1.975333,1.99,1.913333,1.914667,1.742356,4542000
2015-07-21,1.902,1.97,1.902,1.92,1.747209,6831000
2015-07-22,1.794,1.794,1.713333,1.778,1.617989,14968500
2015-07-23,1.808667,1.916667,1.808667,1.856,1.688969,8224500
2015-07-24,1.894667,1.894667,1.736667,1.744,1.587049,7174500
2015-07-27,1.718,1.739333,1.646667,1.702667,1.549435,9583500
2015-07-28,1.730667,1.842667,1.690667,1.808667,1.645896,12343500
2015-07-29,1.808667,1.828,1.756667,1.818,1.654389,9057000
2015-07-30,1.802667,1.856667,1.774,1.838667,1.673196,5058000
2015-07-31,1.842,1.846667,1.764,1.774,1.614348,5568000
2015-08-03,1.762,1.778667,1.727333,1.756667,1.598576,3805500
2015-08-04,1.74,1.750667,1.664,1.698,1.545188,6415500
2015-08-05,1.718,1.798,1.718,1.761333,1.602822,7600500
2015-08-06,1.766667,1.766667,1.627333,1.669333,1.519101,7930500
2015-08-07,1.666667,1.701333,1.646667,1.696667,1.543975,6246000
2015-08-10,1.733333,1.830667,1.733333,1.824,1.659849,8170500
2015-08-11,1.788,1.788,1.675333,1.7,1.547009,7215000
2015-08-12,1.649333,1.753333,1.598667,1.728667,1.573095,9519000
2015-08-13,1.728667,1.752,1.676,1.676,1.525169,7285500
2015-08-14,1.662,1.672,1.615333,1.646667,1.498475,5598000
2015-08-17,1.622,1.696,1.6,1.696,1.543368,4459500
2015-08-18,1.692667,1.692667,1.583333,1.591333,1.448121,8851500
2015-08-19,1.596,1.602,1.515333,1.546667,1.407475,7707000
2015-08-20,1.506667,1.506667,1.373333,1.374667,1.250954,13956000
2015-08-21,1.322667,1.382,1.260667,1.277333,1.162379,12129000
2015-08-24,1.021333,1.34,1.004,1.179333,1.073199,29239500
2015-08-25,1.306667,1.324,1.140667,1.140667,1.038013,14115000
2015-08-26,1.252,1.314667,1.178,1.31,1.192106,21187500
2015-08-27,1.38,1.462,1.372667,1.457333,1.32618,24174000
2015-08-28,1.426,1.490667,1.426,1.485333,1.35166,10723500
2015-08-31,1.446667,1.514,1.425333,1.467333,1.335281,9834000
2015-09-01,1.346667,1.425333,1.291333,1.316,1.197567,13606500
2015-09-02,1.381333,1.408667,1.335333,1.408667,1.281894,5200500
2015-09-03,1.436,1.496667,1.428667,1.441333,1.31162,7801500
2015-09-04,1.371333,1.419333,1.348,1.364667,1.241854,7768500
2015-09-08,1.46,1.548667,1.456667,1.543333,1.404441,11443500
2015-09-09,1.588667,1.620667,1.452,1.462,1.330427,17734500
2015-09-10,1.46,1.522,1.417333,1.482667,1.349234,8355000
2015-09-11,1.438,1.486667,1.421333,1.482,1.348627,6459000
2015-09-14,1.502,1.517333,1.477333,1.496667,1.361974,5242500
2015-09-15,1.51,1.562667,1.51,1.548,1.408688,5133000
2015-09-16,1.546667,1.565333,1.511333,1.560667,1.420214,6328500
2015-09-17,1.560667,1.597333,1.512667,1.518667,1.381995,10005000
2015-09-18,1.456,1.501333,1.424667,1.442667,1.312834,9004500
2015-09-21,1.466667,1.484667,1.409333,1.428,1.299487,7872000
2015-09-22,1.352,1.370667,1.317333,1.334667,1.214553,10623000
2015-09-23,1.338667,1.358,1.300667,1.304,1.186647,5457000
2015-09-24,1.27,1.324,1.196,1.298667,1.181793,11694000
2015-09-25,1.352667,1.378,1.282,1.318667,1.199993,14334000
2015-09-28,1.290667,1.317333,1.208667,1.208667,1.099893,19645500
2015-09-29,1.224667,1.268667,1.189333,1.235333,1.124159,8577000
2015-09-30,1.291333,1.38,1.290667,1.373333,1.24974,11164500
2015-10-01,1.370667,1.370667,1.256667,1.328,1.208486,11292000
2015-10-02,1.282667,1.413333,1.271333,1.413333,1.28614,11044500
2015-10-05,1.452,1.514,1.436,1.492,1.357728,11214000
2015-10-06,1.507333,1.52,1.426667,1.507333,1.37168,10017000
2015-10-07,1.542667,1.595333,1.49,1.575333,1.433561,13086000
2015-10-08,1.558,1.605333,1.521333,1.604667,1.460255,10491000
2015-10-09,1.596,1.612,1.538667,1.562,1.421428,9637500
2015-10-12,1.562,1.576667,1.544,1.568667,1.427495,3466500
2015-10-13,1.531333,1.56,1.504667,1.505333,1.369861,5832000
2015-10-14,1.533333,1.714667,1.518667,1.675333,1.524562,12873000
2015-10-15,1.712667,1.758667,1.678,1.725333,1.570062,7219500
2015-10-16,1.733333,1.738667,1.69,1.732,1.576129,3847500
2015-10-19,1.707333,1.764667,1.692667,1.731333,1.575522,3388500
2015-10-20,1.721333,1.743333,1.698,1.723333,1.568242,3612000
2015-10-21,1.78,1.832,1.732,1.732667,1.576735,7911000
2015-10-22,1.807333,1.922,1.807333,1.908667,1.736896,9553500
2015-10-23,1.968667,1.998667,1.904667,1.983333,1.804842,12801000
2015-10-26,1.956667,1.959333,1.846667,1.864667,1.696856,7888500
2015-10-27,1.826667,1.864667,1.812667,1.826,1.661669,5899500
2015-10-28,1.860667,1.922,1.842,1.920667,1.747816,7332000
2015-10-29,1.805333,1.811333,1.736667,1.752,1.594329,7363500
2015-10-30,1.763333,1.813333,1.763333,1.796667,1.634976,4933500
2015-11-02,1.814,1.85,1.804667,1.842,1.676229,4515000
2015-11-03,1.836667,1.892,1.829333,1.869333,1.701102,3586500
2015-11-04,1.875333,1.9,1.846667,1.889333,1.719303,4272000
2015-11-05,1.867333,1.867333,1.758667,1.771333,1.611922,6928500
2015-11-06,1.799333,1.91,1.799333,1.904667,1.733256,7741500
2015-11-09,1.890667,1.890667,1.822667,1.850667,1.684116,4533000
2015-11-10,1.792,1.8,1.733333,1.75,1.592509,6873000
2015-11-11,1.762,1.812,1.75,1.754,1.596149,6765000
2015-11-12,1.735333,1.758667,1.687333,1.689333,1.537302,5874000
2015-11-13,1.684667,1.704,1.621333,1.642,1.494228,8245500
2015-11-16,1.639333,1.705333,1.638,1.703333,1.550041,4926000
2015-11-17,1.705333,1.776,1.702,1.736667,1.580376,5721000
2015-11-18,1.738667,1.792667,1.705333,1.788,1.627089,7293000
2015-11-19,1.797333,1.847333,1.77,1.800667,1.638616,4227000
2015-11-20,1.823333,1.846667,1.802,1.819333,1.655602,4059000
2015-11-23,1.822667,1.822667,1.743333,1.746667,1.589476,4002000
2015-11-24,1.733333,1.824667,1.694,1.814,1.650749,6042000
2015-11-25,1.822667,1.846667,1.796,1.818667,1.654996,2290500
2015-11-27,1.835333,1.864,1.828,1.859333,1.692002,1800000
2015-11-30,1.866,1.919333,1.855333,1.916,1.74357,4113000
2015-12-01,1.927333,1.994,1.927333,1.990667,1.811517,8346000
2015-12-02,2.001333,2.03,1.952667,1.962667,1.786037,9337500
2015-12-03,2.031333,2.05,1.897333,1.926,1.752669,6945000
2015-12-04,1.941333,2.044667,1.91,2.032667,1.849737,6492000
2015-12-07,2.021333,2.021333,1.966667,1.974667,1.796957,3729000
2015-12-08,1.893333,1.946,1.870667,1.926667,1.753277,6631500
2015-12-09,1.910667,1.935333,1.825333,1.85,1.683509,6715500
2015-12-10,1.851333,1.925333,1.85,1.882,1.712629,5155500
2015-12-11,1.827333,1.842667,1.762667,1.771333,1.611922,7531500
2015-12-14,1.768667,1.790667,1.684,1.737333,1.580982,8115000
2015-12-15,1.774,1.838667,1.763333,1.817333,1.653782,5202000
2015-12-16,1.835333,1.870667,1.772,1.859333,1.692002,5487000
2015-12-17,1.89,1.910667,1.777333,1.777333,1.617382,5890500
2015-12-18,1.74,1.766667,1.706667,1.714667,1.560356,5401500
2015-12-21,1.758,1.810667,1.744667,1.81,1.647109,3751500
2015-12-22,1.832,1.835333,1.773333,1.816667,1.653176,2517000
2015-12-23,1.832,1.858,1.81,1.856,1.688969,3277500
2015-12-24,1.847333,1.894,1.843333,1.875333,1.706563,1558500
2015-12-28,1.853333,1.853333,1.796,1.853333,1.686542,3654000
2015-12-29,1.89,1.942,1.867333,1.920667,1.747816,5613000
2015-12-30,1.91,1.928667,1.859333,1.861333,1.693822,3543000
2015-12-31,1.837333,1.846,1.784667,1.784667,1.624056,2239500
2016-01-04,1.682667,1.725333,1.648667,1.724,1.568849,6852000
2016-01-05,1.744,1.745333,1.666,1.670667,1.520315,7008000
2016-01-06,1.589333,1.592,1.491333,1.536,1.397768,8817000
2016-01-07,1.419333,1.482667,1.368,1.378667,1.254594,8475000
2016-01-08,1.408,1.420667,1.306667,1.310667,1.192713,9717000
2016-01-11,1.333333,1.366667,1.276667,1.330667,1.210914,9301500
2016-01-12,1.378,1.401333,1.307333,1.364,1.241246,8331000
2016-01-13,1.366667,1.394667,1.230667,1.234667,1.123553,6531000
2016-01-14,1.250667,1.330667,1.198,1.310667,1.192713,8373000
2016-01-15,1.152667,1.181333,1.080667,1.134,1.031945,12220500
2016-01-19,1.193333,1.212,1.107333,1.138,1.035586,9246000
2016-01-20,1.093333,1.195333,1.064,1.16,1.055606,11091000
2016-01-21,1.192,1.256,1.156,1.208,1.099286,13318500
2016-01-22,1.276,1.304,1.254667,1.278667,1.163594,12348000
2016-01-25,1.264667,1.277333,1.216,1.224,1.113846,7657500
2016-01-26,1.243333,1.288667,1.221333,1.26,1.146606,7986000
2016-01-27,1.238,1.286,1.196,1.215333,1.105959,9180000
2016-01-28,1.245333,1.250667,1.178,1.204667,1.096253,6303000
2016-01-29,1.224667,1.37,1.224667,1.367333,1.24428,11986500
2016-02-01,1.338667,1.408667,1.326667,1.388,1.263087,8037000
2016-02-02,1.342667,1.342667,1.236667,1.250667,1.138113,8760000
2016-02-03,1.294,1.3,1.182667,1.260667,1.147213,9664500
2016-02-04,1.266667,1.348,1.257333,1.322667,1.203633,13746000
2016-02-05,1.310667,1.310667,1.171333,1.188667,1.081693,16936500
2016-02-08,1.129333,1.133333,1.043333,1.096667,0.997973,10143000
2016-02-09,1.056,1.138,1.047333,1.075333,0.978558,6549000
2016-02-10,1.113333,1.135333,1.050667,1.052,0.957325,13690500
2016-02-11,1.0,1.047333,0.988667,1.028,0.935485,18111000
2016-02-12,1.08,1.100667,1.019333,1.096,0.997365,14359500
2016-02-16,1.144667,1.230667,1.129333,1.212,1.102926,19578000
2016-02-17,1.237333,1.306667,1.231333,1.298667,1.181793,18730500
2016-02-18,1.33,1.330667,1.275333,1.278,1.162986,11878500
2016-02-19,1.274667,1.319333,1.27,1.295333,1.178759,7744500
2016-02-22,1.342,1.379333,1.338,1.356667,1.234574,8479500
2016-02-23,1.326667,1.348,1.285333,1.290667,1.174514,5545500
2016-02-24,1.246667,1.353333,1.223333,1.344667,1.223653,14658000
2016-02-25,1.364,1.398,1.312,1.396667,1.270974,9294000
2016-02-26,1.428,1.436,1.400667,1.418,1.290387,11154000
2016-02-29,1.44,1.484,1.410667,1.410667,1.283714,15354000
2016-03-01,1.463333,1.529333,1.44,1.528,1.390488,12424500
2016-03-02,1.530667,1.554667,1.511333,1.554,1.414148,8562000
2016-03-03,1.553333,1.566667,1.524667,1.557333,1.417181,9262500
2016-03-04,1.591333,1.645333,1.555333,1.606667,1.462075,17245500
2016-03-07,1.569333,1.646,1.557333,1.624667,1.478455,13198500
2016-03-08,1.585333,1.59,1.509333,1.514,1.377747,13114500
2016-03-09,1.535333,1.563333,1.514667,1.551333,1.411721,10950000
2016-03-10,1.576,1.616667,1.508,1.572,1.430528,10504500
2016-03-11,1.618,1.666,1.614,1.665333,1.515461,10131000
2016-03-14,1.654,1.668,1.628,1.646,1.497868,10215000
2016-03-15,1.629333,1.636667,1.596,1.636667,1.489375,10891500
2016-03-16,1.624,1.688667,1.607333,1.682,1.530629,12388500
2016-03-17,1.674,1.728667,1.66,1.718667,1.563995,10372500
2016-03-18,1.729333,1.790667,1.713333,1.787333,1.626482,9391500
2016-03-21,1.766667,1.797333,1.744667,1.796,1.634369,6912000
2016-03-22,1.775333,1.808667,1.752,1.791333,1.630122,6469500
2016-03-23,1.782,1.783333,1.716667,1.719333,1.564602,7260000
2016-03-24,1.680667,1.716667,1.658667,1.715333,1.560961,10165500
2016-03-28,1.743333,1.743333,1.69,1.713333,1.559142,8259000
2016-03-29,1.696,1.788,1.666,1.778667,1.618596,8484000
2016-03-30,1.812,1.863333,1.808,1.832,1.667129,8788500
2016-03-31,1.815333,1.827333,1.797333,1.800667,1.638616,6111000
2016-04-01,1.774667,1.837333,1.742,1.836,1.670769,8401500
2016-04-04,1.836,1.838,1.776667,1.785333,1.624662,6859500
2016-04-05,1.742,1.793333,1.726667,1.753333,1.595542,4804500
2016-04-06,1.751333,1.811333,1.706667,1.806667,1.644076,7842000
2016-04-07,1.778667,1.786667,1.704667,1.722,1.567028,4113000
2016-04-08,1.772667,1.796667,1.730667,1.748,1.590689,5931000
2016-04-11,1.776,1.824667,1.745333,1.745333,1.588262,4776000
2016-04-12,1.752,1.770667,1.672,1.74,1.583409,6948000
2016-04-13,1.774667,1.861333,1.77,1.858667,1.691396,8346000
2016-04-14,1.808667,1.822,1.758,1.813333,1.650142,7392000
2016-04-15,1.817333,1.817333,1.763333,1.764667,1.605855,4174500
2016-04-18,1.733333,1.782,1.733333,1.767333,1.608282,5779500
2016-04-19,1.775333,1.784,1.680667,1.7,1.547009,7656000
2016-04-20,1.69,1.774,1.686667,1.75,1.592509,6774000
2016-04-21,1.751333,1.751333,1.695333,1.719333,1.564602,3598500
2016-04-22,1.723333,1.774667,1.688,1.728667,1.573095,4846500
2016-04-25,1.709333,1.740667,1.685333,1.697333,1.544582,3564000
2016-04-26,1.736,1.812667,1.726,1.765333,1.606462,5229000
2016-04-27,1.714667,1.828667,1.708667,1.822,1.658029,7045500
2016-04-28,1.784,1.820667,1.664,1.675333,1.524562,8776500
2016-04-29,1.660667,1.660667,1.506,1.546667,1.407475,10438500
2016-05-02,1.552667,1.585333,1.521333,1.578667,1.436595,4453500
2016-05-03,1.536667,1.554667,1.504,1.526,1.388667,4360500
2016-05-04,1.486667,1.523333,1.457333,1.471333,1.33892,4780500
2016-05-05,1.514,1.527333,1.468667,1.482667,1.349234,5563500
2016-05-06,1.468667,1.489333,1.428667,1.488667,1.354694,3399000
2016-05-09,1.494667,1.523333,1.471333,1.482,1.348627,3502500
2016-05-10,1.497333,1.538667,1.470667,1.537333,1.398981,4980000
2016-05-11,1.528,1.567333,1.520667,1.523333,1.38624,7488000
2016-05-12,1.540667,1.543333,1.406667,1.442667,1.312834,8350500
2016-05-13,1.448,1.494,1.446,1.46,1.328607,6027000
2016-05-16,1.469333,1.559333,1.468,1.528,1.390488,8338500
2016-05-17,1.526667,1.548667,1.486667,1.498,1.363188,4624500
2016-05-18,1.469333,1.609333,1.469333,1.570667,1.429315,10564500
2016-05-19,1.552,1.582667,1.502,1.54,1.401407,5457000
2016-05-20,1.616,1.687333,1.601333,1.683333,1.531842,9211500
2016-05-23,1.731333,1.765333,1.710667,1.72,1.565208,6511500
2016-05-24,1.76,1.849333,1.75,1.844667,1.678656,9954000
2016-05-25,1.873333,1.89,1.833333,1.877333,1.708383,10669500
2016-05-26,1.898667,1.908,1.87,1.896,1.725369,4302000
2016-05-27,1.896,1.94,1.896,1.930667,1.756917,3603000
2016-05-31,1.946667,1.968,1.924,1.962,1.78543,4935000
2016-06-01,1.962667,2.000667,1.935333,1.996,1.81637,4663500
2016-06-02,1.974667,1.994667,1.957333,1.994667,1.815157,3682500
2016-06-03,2.044,2.054,1.976667,2.013333,1.832143,4863000
2016-06-06,2.025333,2.048667,1.986667,1.998,1.81819,4572000
2016-06-07,2.024,2.067333,2.024,2.056667,1.871577,5604000
2016-06-08,2.054667,2.069333,2.034667,2.051333,1.866723,4368000
2016-06-09,2.006,2.062667,1.988667,2.059333,1.874003,5599500
2016-06-10,1.994,1.994,1.935333,1.956,1.77997,5686500
2016-06-13,1.920667,1.994,1.915333,1.929333,1.755702,5010000
2016-06-14,1.900667,1.939333,1.871333,1.924,1.75085,6199500
2016-06-15,1.954,1.968667,1.916,1.924667,1.751456,3606000
2016-06-16,1.855333,1.927333,1.824667,1.922667,1.749637,7249500
2016-06-17,1.912667,1.926667,1.834,1.874667,1.705956,3912000
2016-06-20,1.965333,2.007333,1.934667,1.938,1.76359,5973000
2016-06-21,1.967333,1.97,1.934667,1.958,1.78179,2568000
2016-06-22,1.956,2.013333,1.944,1.949333,1.773903,3489000
2016-06-23,2.030667,2.102667,2.014,2.101333,1.912224,5671500
2016-06-24,1.816667,1.924667,1.730667,1.746667,1.589476,11479500
2016-06-27,1.684667,1.684667,1.506667,1.538667,1.400194,11446500
2016-06-28,1.612,1.671333,1.600667,1.662,1.512428,14646000
2016-06-29,1.723333,1.78,1.702,1.762,1.603429,9870000
2016-06-30,1.772667,1.858,1.755333,1.858,1.690789,5794500
2016-07-01,1.804667,1.824667,1.789333,1.798,1.636189,4080000
2016-07-05,1.760667,1.761333,1.674,1.707333,1.553682,4137000
2016-07-06,1.672667,1.722,1.620667,1.714667,1.560356,6273000
2016-07-07,1.726,1.814,1.726,1.777333,1.617382,6213000
2016-07-08,1.829333,1.928667,1.827333,1.926667,1.753277,9957000
2016-07-11,1.968,2.014667,1.964667,1.99,1.81091,9292500
2016-07-12,2.041333,2.088667,2.036667,2.071333,1.884923,6894000
2016-07-13,2.093333,2.114667,2.065333,2.076667,1.889778,5205000
2016-07-14,2.134,2.14,2.082,2.122,1.931031,6063000
2016-07-15,2.124667,2.129333,2.093333,2.117333,1.926784,4302000
2016-07-18,2.181333,2.223333,2.179333,2.212667,2.013538,5875500
2016-07-19,2.198667,2.206,2.168667,2.186667,1.989877,3187500
2016-07-20,2.211333,2.310667,2.206,2.292,2.085732,6294000
2016-07-21,2.294667,2.304,2.216,2.244,2.042051,5059500
2016-07-22,2.229333,2.280667,2.180667,2.279333,2.074205,5407500
2016-07-25,2.285333,2.330667,2.285333,2.316,2.107572,4806000
2016-07-26,2.382667,2.618667,2.382667,2.598667,2.3648,15642000
2016-07-27,2.656667,2.660667,2.535333,2.582667,2.35024,8205000
2016-07-28,2.533333,2.596,2.504667,2.542,2.313232,5161500
2016-07-29,2.544667,2.562,2.474667,2.503333,2.278045,5205000
2016-08-01,2.536667,2.544667,2.488667,2.516667,2.29018,3016500
2016-08-02,2.501333,2.501333,2.355333,2.396,2.180371,7983000
2016-08-03,2.354,2.412667,2.354,2.412667,2.195539,4182000
2016-08-04,2.430667,2.477333,2.413333,2.475333,2.252565,5209500
2016-08-05,2.522,2.576,2.51,2.57,2.338712,5161500
2016-08-08,2.594,2.614,2.547333,2.559333,2.329006,3063000
2016-08-09,2.575333,2.648667,2.574667,2.625333,2.389066,3786000
2016-08-10,2.635333,2.637333,2.536,2.564667,2.33386,5244000
2016-08-11,2.583333,2.61,2.556667,2.601333,2.367225,2359500
2016-08-12,2.6,2.652667,2.6,2.634667,2.397561,4086000
2016-08-15,2.659333,2.762667,2.656667,2.744,2.497054,4903500
2016-08-16,2.74,2.74,2.675333,2.685333,2.443666,2446500
2016-08-17,2.694,2.694,2.64,2.684,2.442454,3484500
2016-08-18,2.670667,2.743333,2.670667,2.743333,2.496447,3172500
2016-08-19,2.752667,2.833333,2.744667,2.814667,2.561361,4912500
2016-08-22,2.806,2.840667,2.782667,2.818,2.564394,3501000
2016-08-23,2.857333,2.897333,2.854667,2.863333,2.605647,4677000
2016-08-24,2.863333,2.878667,2.764,2.789333,2.538307,4705500
2016-08-25,2.821333,2.859333,2.761333,2.823333,2.569247,3475500
2016-08-26,2.841333,2.923333,2.8,2.862667,2.605042,3075000
2016-08-29,2.879333,2.927333,2.879333,2.892,2.631734,5029500
2016-08-30,2.897333,2.943333,2.843333,2.866667,2.608681,4834500
2016-08-31,2.872,2.881333,2.822667,2.868667,2.610501,2962500
2016-09-01,2.874,2.944,2.828667,2.944,2.679055,5970000
2016-09-02,2.978,2.978,2.888667,2.928,2.664495,4899000
2016-09-06,2.976667,2.976667,2.861333,2.903333,2.642047,2661000
2016-09-07,2.911333,2.924,2.825333,2.839333,2.583808,4519500
2016-09-08,2.813333,2.847333,2.775333,2.826667,2.572281,4620000
2016-09-09,2.763333,2.763333,2.501333,2.515333,2.288965,7638000
2016-09-12,2.460667,2.673333,2.433333,2.666,2.426073,7582500
2016-09-13,2.620667,2.692667,2.552,2.588667,2.355699,4434000
2016-09-14,2.596667,2.680667,2.564667,2.662667,2.42304,5754000
2016-09-15,2.676,2.862,2.662667,2.846667,2.590481,11305500
2016-09-16,2.92,2.925333,2.782667,2.848,2.591694,5265000
2016-09-19,2.913333,2.984667,2.830667,2.862,2.604434,5494500
2016-09-20,2.901333,2.913333,2.798667,2.826,2.571675,3736500
2016-09-21,2.862667,2.948,2.825333,2.936667,2.672382,3955500
2016-09-22,2.986667,3.025333,2.942,2.970667,2.703322,4545000
2016-09-23,2.964667,2.964667,2.863333,2.876,2.617174,2404500
2016-09-26,2.826667,2.841333,2.756,2.786667,2.535881,2850000
2016-09-27,2.78,2.937333,2.766667,2.936667,2.672382,4380000
2016-09-28,2.954667,3.0,2.9,2.956,2.689975,4860000
2016-09-29,2.956,3.118,2.86,3.064667,2.788862,12943500
2016-09-30,3.132,3.266,3.126,3.207333,2.918689,7447500
2016-10-03,3.213333,3.272667,3.125333,3.140667,2.858023,3537000
2016-10-04,3.192,3.209333,3.083333,3.116667,2.836182,4381500
2016-10-05,3.146667,3.253333,3.132667,3.189333,2.902309,3516000
2016-10-06,3.192667,3.249333,3.122667,3.244667,2.952663,4366500
2016-10-07,3.266,3.285333,3.141333,3.226,2.935676,4740000
2016-10-10,3.274667,3.312667,3.176,3.178,2.891995,4125000
2016-10-11,3.163333,3.165333,2.894,2.979333,2.711208,11005500
2016-10-12,2.979333,2.979333,2.860667,2.946,2.680875,4563000
2016-10-13,2.865333,2.870667,2.698667,2.839333,2.583808,7308000
2016-10-14,2.943333,3.006667,2.898667,2.908667,2.646902,8758500
2016-10-17,2.894667,2.946667,2.856667,2.859333,2.602007,3201000
2016-10-18,2.992,2.996667,2.938667,2.964,2.697255,3852000
2016-10-19,2.884,2.934,2.839333,2.92,2.657214,4539000
2016-10-20,2.914667,3.012,2.852,2.982667,2.714242,4458000
2016-10-21,2.906,2.969333,2.873333,2.958667,2.692402,3619500
2016-10-24,3.026667,3.127333,3.020667,3.123333,2.842248,4044000
2016-10-25,3.151333,3.157333,3.096,3.116,2.835575,4288500
2016-10-26,3.056667,3.156,3.041333,3.098,2.819196,4497000
2016-10-27,3.190667,3.216,3.044667,3.056667,2.781582,4950000
2016-10-28,3.064667,3.149333,2.99,3.004,2.733655,5382000
2016-10-31,3.064,3.093333,3.035333,3.051333,2.776728,2971500
2016-11-01,3.077333,3.122667,2.864,2.965333,2.698468,5791500
2016-11-02,2.974667,3.026,2.882667,2.906,2.644474,6438000
2016-11-03,2.92,2.969333,2.858667,2.886667,2.626881,5181000
2016-11-04,2.834,2.914667,2.775333,2.836,2.580774,2907000
2016-11-07,2.997333,3.084667,2.960667,3.081333,2.804027,3789000
2016-11-08,3.086667,3.155333,3.024,3.101333,2.822228,4149000
2016-11-09,2.886667,3.083333,2.846667,3.052,2.777335,8143500
2016-11-10,3.122,3.170667,2.768667,2.860667,2.603221,11700000
2016-11-11,2.956,3.198667,2.953333,3.183333,2.896848,8976000
2016-11-14,3.2,3.235333,3.104667,3.13,2.848316,3526500
2016-11-15,3.185333,3.333333,3.146,3.310667,3.012724,5700000
2016-11-16,3.296,3.433333,3.286,3.425333,3.11707,6178500
2016-11-17,3.520667,3.584667,3.403333,3.537333,3.218991,4744500
2016-11-18,3.556,3.624667,3.514,3.61,3.285118,3157500
2016-11-21,3.640667,3.696,3.604667,3.658,3.328798,4183500
2016-11-22,3.763333,3.811333,3.729333,3.804667,3.462266,5646000
2016-11-23,3.791333,3.838,3.748,3.82,3.476218,3952500
2016-11-25,3.856,3.856,3.784667,3.836,3.490779,1351500
2016-11-28,3.816667,3.852667,3.781333,3.804,3.461659,2221500
2016-11-29,3.788,3.843333,3.724667,3.782,3.441639,1993500
2016-11-30,3.787333,3.801333,3.709333,3.714,3.379758,1819500
2016-12-01,3.700667,3.708667,3.104667,3.164667,2.879862,10963500
2016-12-02,3.152,3.300667,3.12,3.287333,2.99149,6096000
2016-12-05,3.37,3.436667,3.304,3.407333,3.10069,6199500
2016-12-06,3.442,3.558667,3.440667,3.548667,3.229305,4474500
2016-12-07,3.533333,3.793333,3.504667,3.773333,3.433752,6499500
2016-12-08,3.782667,3.93,3.782667,3.87,3.52172,7072500
2016-12-09,3.98,3.986,3.742667,3.821333,3.477432,5371500
2016-12-12,3.774667,3.796667,3.640667,3.734667,3.398566,3918000
2016-12-13,3.786667,3.937333,3.754667,3.860667,3.513226,6130500
2016-12-14,3.866667,3.926,3.811333,3.852,3.505339,5143500
2016-12-15,3.888,4.104667,3.877333,4.054667,3.689767,7221000
2016-12-16,4.133333,4.145333,3.872,3.922667,3.569646,4263000
2016-12-19,4.0,4.09,3.946667,4.044667,3.680668,4107000
2016-12-20,3.996,3.996,3.919333,3.968667,3.783893,5374500
2016-12-21,4.000667,4.017333,3.952667,3.968667,3.783893,2376000
2016-12-22,4.111333,4.128667,3.982667,4.032667,3.844913,3078000
2016-12-23,4.006667,4.096,3.994667,4.092667,3.902121,1362000
2016-12-27,4.104,4.266,4.1,4.242,4.044501,4866000
2016-12-28,4.325333,4.328,3.989333,3.995333,3.809318,8050500
2016-12-29,3.955333,3.996667,3.868,3.994667,3.808683,5998500
2016-12-30,4.08,4.097333,3.773333,3.806667,3.629436,5214000
2017-01-03,3.908667,3.977333,3.712667,3.812667,3.635157,6211500
2017-01-04,3.864,3.897333,3.790667,3.847333,3.668209,3565500
2017-01-05,3.857333,3.91,3.722667,3.741333,3.567144,3568500
2017-01-06,3.767333,3.861333,3.689333,3.831333,3.652954,4870500
2017-01-09,3.866667,4.000667,3.866,3.954667,3.770545,5397000
2017-01-10,3.953333,4.039333,3.946,4.014667,3.827752,3775500
2017-01-11,4.002667,4.052667,3.964,4.052667,3.863983,3205500
2017-01-12,4.026,4.026,3.768667,3.948,3.764189,5007000
2017-01-13,3.96,4.056,3.948667,4.022667,3.835379,4092000
2017-01-17,3.985333,3.985333,3.790667,3.829333,3.651047,4072500
2017-01-18,3.840667,3.996667,3.84,3.989333,3.803598,3651000
2017-01-19,3.932,4.066667,3.925333,3.934667,3.751477,2694000
2017-01-20,4.04,4.156667,4.034,4.087333,3.897035,4134000
2017-01-23,4.027333,4.066,3.914,4.006667,3.820124,4033500
2017-01-24,4.051333,4.259333,4.051333,4.244667,4.047044,4725000
2017-01-25,4.409333,4.459333,4.313333,4.431333,4.225019,5010000
2017-01-26,4.448,4.458,4.295333,4.354,4.151287,3685500
2017-01-27,4.424,4.520667,4.416,4.519333,4.308921,3610500
2017-01-30,4.449333,4.452667,4.278667,4.447333,4.240274,7095000
2017-01-31,4.372667,4.384667,4.193333,4.274,4.07501,6417000
2017-02-01,4.441333,4.489333,4.346,4.477333,4.268878,5668500
2017-02-02,4.386667,4.516667,4.311333,4.466,4.25807,4839000
2017-02-03,4.528,4.564667,4.490667,4.543333,4.331805,2787000
2017-02-06,4.575333,4.598,4.485333,4.590667,4.376935,4750500
2017-02-07,4.666,4.689333,4.564,4.641333,4.425243,4060500
2017-02-08,4.693333,4.722,4.592667,4.664,4.446852,3667500
2017-02-09,4.688667,4.688667,4.522667,4.542,4.330534,5070000
2017-02-10,4.638,4.638,4.396,4.531333,4.320362,5946000
2017-02-13,4.579333,4.655333,4.539333,4.563333,4.350873,4624500
2017-02-14,4.547333,4.56,4.440667,4.515333,4.30511,3199500
2017-02-15,4.539333,4.642,4.488667,4.628,4.412529,3541500
2017-02-16,4.643333,4.672667,4.561333,4.645333,4.429055,2700000
2017-02-17,4.588667,4.72,4.524667,4.72,4.500246,3577500
2017-02-21,4.812667,4.924667,4.787333,4.922667,4.693477,4737000
2017-02-22,4.926,4.944667,4.862,4.923333,4.694113,2751000
2017-02-23,4.874667,4.888667,4.586,4.678667,4.460838,7501500
2017-02-24,4.452,4.672,4.406,4.670667,4.453209,5176500
2017-02-27,4.68,4.810667,4.642667,4.805333,4.581605,3328500
2017-02-28,4.826667,4.826667,4.588,4.619333,4.404266,4711500
2017-03-01,4.793333,4.853333,4.65,4.836,4.610846,4848000
2017-03-02,4.874,4.901333,4.672,4.686,4.467829,4126500
2017-03-03,4.693333,4.700667,4.592,4.677333,4.459565,3142500
2017-03-06,4.602667,4.71,4.52,4.684667,4.466557,3381000
2017-03-07,4.658667,4.808,4.618667,4.717333,4.497703,4263000
2017-03-08,4.785333,4.864667,4.720667,4.752,4.530756,4267500
2017-03-09,4.739333,4.8,4.660667,4.774667,4.552367,2389500
2017-03-10,4.858667,4.971333,4.858667,4.939333,4.709368,4827000
2017-03-13,4.980667,5.057333,4.957333,5.054,4.818696,4614000
2017-03-14,5.004667,5.010667,4.88,5.007333,4.7742,4156500
2017-03-15,5.043333,5.154,4.953333,5.128667,4.889885,4375500
2017-03-16,5.196,5.196,5.078,5.108667,4.870816,2938500
2017-03-17,5.156667,5.168,5.098667,5.136667,4.897513,2268000
2017-03-20,5.164,5.307333,5.133333,5.251333,5.006842,3282000
2017-03-21,5.317333,5.326,4.853333,4.886,4.658517,8511000
2017-03-22,4.892667,5.055333,4.844667,5.042,4.807254,4558500
2017-03-23,5.04,5.074,4.962667,5.003333,4.770388,3840000
2017-03-24,5.212,5.294,5.052667,5.108667,4.870816,5841000
2017-03-27,4.939333,5.171333,4.898667,5.135333,4.896242,7363500
2017-03-28,5.165333,5.242,5.09,5.186667,4.945187,4147500
2017-03-29,5.186667,5.186667,5.1,5.143333,4.903869,3456000
2017-03-30,5.134667,5.259333,5.134667,5.231333,4.987772,5355000
2017-03-31,5.244,5.3,5.166667,5.221333,4.978239,3334500
2017-04-03,5.251333,5.273333,5.026,5.130667,4.891793,4821000
2017-04-04,5.035333,5.15,5.000667,5.052,4.816788,3976500
2017-04-05,5.108667,5.193333,4.933333,4.942667,4.712546,5608500
2017-04-06,4.939333,4.995333,4.814667,4.961333,4.730344,5905500
2017-04-07,4.963333,5.071333,4.932,5.027333,4.793271,2850000
2017-04-10,5.031333,5.041333,4.874,4.910667,4.682036,3631500
2017-04-11,4.850667,4.850667,4.570667,4.791333,4.568258,7803000
2017-04-12,4.760667,4.768,4.51,4.538667,4.327355,8232000
2017-04-13,4.469333,4.654,4.448,4.451333,4.244088,4864500
2017-04-17,4.492667,4.626667,4.492667,4.625333,4.409985,5293500
2017-04-18,4.561333,4.692,4.53,4.680667,4.462744,3120000
2017-04-19,4.792,4.886667,4.733333,4.757333,4.535841,3657000
2017-04-20,4.861333,5.006667,4.792667,4.985333,4.753225,5005500
2017-04-21,4.936667,4.946,4.792667,4.915333,4.686485,5757000
2017-04-24,5.129333,5.173333,5.062,5.126667,4.887978,7372500
2017-04-25,5.226,5.307333,5.162,5.286667,5.04053,4311000
2017-04-26,5.268,5.284,5.094667,5.150667,4.910862,5542500
2017-04-27,5.261333,5.39,5.224667,5.37,5.119983,5331000
2017-04-28,5.328667,5.328667,5.05,5.096,4.85874,7579500
2017-05-01,5.153333,5.25,5.055333,5.244667,5.000484,5449500
2017-05-02,5.2,5.2,4.993333,5.076,4.839672,4305000
2017-05-03,5.013333,5.154,4.998,5.132,4.893064,2863500
2017-05-04,5.153333,5.173333,5.058667,5.119333,4.880987,2571000
2017-05-05,5.159333,5.18,5.038667,5.174,4.933108,2940000
2017-05-08,5.161333,5.197333,5.084667,5.116667,4.878445,1861500
2017-05-09,5.116667,5.310667,5.116667,5.272,5.026546,4875000
2017-05-10,5.450667,5.633333,5.448,5.606,5.344995,6981000
2017-05-11,5.565333,5.739333,5.450667,5.662667,5.399024,3789000
2017-05-12,5.684667,5.734667,5.617333,5.714,5.447968,3030000
2017-05-15,5.753333,5.988,5.736667,5.976,5.697769,3984000
2017-05-16,6.042,6.244,5.976,6.242667,5.95202,4143000
2017-05-17,5.996667,6.057333,5.423333,5.423333,5.170834,14551500
2017-05-18,5.48,5.776667,5.4,5.734,5.467037,12283500
2017-05-19,5.893333,5.979333,5.873333,5.922667,5.64692,6928500
2017-05-22,6.008,6.118667,5.99,6.112,5.827437,5236500
2017-05-23,6.125333,6.133333,5.888,6.041333,5.76006,4482000
2017-05-24,6.14,6.188667,6.073333,6.154,5.867483,3240000
2017-05-25,6.240667,6.316,6.133333,6.257333,5.966004,3831000
2017-05-26,6.256,6.336667,6.116,6.332667,6.037831,4323000
2017-05-30,6.328667,6.505333,6.326,6.459333,6.158598,4041000
2017-05-31,6.598,6.632667,6.361333,6.457333,6.156692,6340500
2017-06-01,6.486,6.52,6.357333,6.473333,6.171947,3088500
2017-06-02,6.585333,6.696667,6.448667,6.666,6.355644,5817000
2017-06-05,6.667333,6.822667,6.646667,6.724,6.410943,4200000
2017-06-06,6.634,6.920667,6.614667,6.790667,6.474506,5025000
2017-06-07,6.868667,7.016,6.83,6.95,6.626421,6444000
2017-06-08,7.084667,7.319333,6.922667,7.314,6.973473,7707000
2017-06-09,7.466667,7.538667,5.962667,6.392,6.094401,32179500
2017-06-12,6.128,6.284667,5.745333,6.284667,5.992066,22534500
2017-06-13,6.596667,6.6,6.171333,6.406,6.107749,14511000
2017-06-14,6.482667,6.527333,5.996667,6.199333,5.910705,11181000
2017-06-15,5.876,6.114667,5.87,6.05,5.768323,8821500
2017-06-16,6.068667,6.196,5.926,5.98,5.701581,8154000
2017-06-19,6.165333,6.35,6.162,6.320667,6.026388,11425500
2017-06-20,6.393333,6.444,6.102667,6.110667,5.826166,8809500
2017-06-21,6.194,6.326667,6.116667,6.318667,6.024482,6385500
2017-06-22,6.351333,6.356667,6.183333,6.271333,5.979352,7081500
2017-06-23,6.247333,6.433333,6.214667,6.329333,6.034651,5433000
2017-06-26,6.483333,6.540667,6.066667,6.172,5.884644,11284500
2017-06-27,6.046667,6.072,5.666667,5.673333,5.409194,13833000
2017-06-28,5.791333,5.986667,5.605333,5.963333,5.68569,9801000
2017-06-29,5.838667,5.881333,5.276667,5.516,5.259185,18418500
2017-06-30,5.570667,5.654667,5.356667,5.433333,5.180367,8343000
2017-07-03,5.531333,5.584,5.2,5.2,4.957898,6811500
2017-07-05,5.266667,5.55,5.266667,5.53,5.272533,9180000
2017-07-06,5.338,5.595333,5.293333,5.456667,5.202616,8092500
2017-07-07,5.567333,5.792,5.502667,5.724667,5.458138,7816500
2017-07-10,5.787333,5.966667,5.685333,5.93,5.65391,6774000
2017-07-11,5.918,6.078667,5.86,6.069333,5.786758,7659000
2017-07-12,6.233333,6.398,6.177333,6.358667,6.06262,14623500
2017-07-13,6.397333,6.508,6.24,6.305333,6.011768,13311000
2017-07-14,6.399333,6.561333,6.352667,6.557333,6.252036,9894000
2017-07-17,6.604,6.623333,6.402667,6.473333,6.171947,8266500
2017-07-18,6.356,6.534,6.282,6.534,6.229788,5998500
2017-07-19,6.633333,6.714,6.574,6.709333,6.396959,6400500
2017-07-20,6.732667,6.795333,6.549333,6.767333,6.452259,5653500
2017-07-21,6.614,6.631333,6.488,6.594,6.286995,6243000
2017-07-24,6.612,6.613333,6.496667,6.529333,6.225339,5100000
2017-07-25,6.499333,6.566,6.316,6.525333,6.221526,6889500
2017-07-26,6.668,6.820667,6.616,6.72,6.407129,7546500
2017-07-27,6.79,6.82,6.187333,6.416667,6.117919,19879500
2017-07-28,6.318667,6.426,6.254,6.354,6.058171,4975500
2017-07-31,6.366667,6.452667,6.15,6.211333,5.922144,6486000
2017-08-01,6.256,6.315333,6.16,6.315333,6.021302,4021500
2017-08-02,6.419333,6.463333,6.046667,6.180667,5.892907,8943000
2017-08-03,6.175333,6.225333,6.016667,6.107333,5.822987,5614500
2017-08-04,6.138,6.26,6.062667,6.114,5.829343,3673500
2017-08-07,6.156,6.438,6.155333,6.432,6.132539,6843000
2017-08-08,6.428667,6.597333,6.3,6.364667,6.06834,6391500
2017-08-09,6.201333,6.323333,6.133333,6.302,6.00859,4788000
2017-08-10,6.170667,6.197333,5.766667,5.776,5.50708,10722000
2017-08-11,5.710667,5.906667,5.657333,5.871333,5.597975,5586000
2017-08-14,6.08,6.344667,6.08,6.326,6.031476,6805500
2017-08-15,6.386,6.407333,6.234,6.372667,6.075968,3964500
2017-08-16,6.427333,6.478,6.305333,6.401333,6.103299,4659000
2017-08-17,6.28,6.365333,5.891333,5.891333,5.617045,8376000
2017-08-18,6.006667,6.076667,5.846,5.945333,5.66853,5275500
2017-08-21,5.966667,5.969333,5.69,5.818,5.547125,6723000
2017-08-22,5.959333,6.13,5.933333,6.094,5.810276,4810500
2017-08-23,5.944,6.221333,5.883333,6.174667,5.887186,4038000
2017-08-24,6.266667,6.266667,6.058667,6.167333,5.880194,3655500
2017-08-25,6.217333,6.266667,6.04,6.075333,5.792479,3156000
2017-08-28,6.093333,6.146,6.028667,6.122667,5.837607,2274000
2017-08-29,5.891333,6.206667,5.888,6.166,5.878922,3357000
2017-08-30,6.213333,6.5,6.194,6.48,6.178303,6849000
2017-08-31,6.563333,6.691333,6.506667,6.67,6.359458,6339000
2017-09-01,6.75,6.861333,6.701333,6.757333,6.442726,4966500
2017-09-05,6.62,6.708,6.3,6.471333,6.170041,7698000
2017-09-06,6.561333,6.594667,6.408,6.51,6.206907,3603000
2017-09-07,6.566667,6.614,6.452667,6.54,6.23551,2992500
2017-09-08,6.500667,6.533333,6.233333,6.298,6.004776,4530000
2017-09-11,6.46,6.708,6.448,6.667333,6.356916,6217500
2017-09-12,6.756,6.813333,6.636,6.756667,6.442089,4447500
2017-09-13,6.698,6.84,6.636667,6.784,6.468149,3481500
2017-09-14,6.69,6.993333,6.667333,6.878667,6.558409,4311000
2017-09-15,6.933333,7.253333,6.922,7.227333,6.890842,6129000
2017-09-18,7.361333,7.651333,7.357333,7.514,7.164161,7929000
2017-09-19,7.588667,7.671333,7.438,7.592,7.238533,4869000
2017-09-20,7.609333,7.609333,6.978,7.272,6.933431,12088500
2017-09-21,7.254667,7.264,6.991333,7.183333,6.84889,4734000
2017-09-22,7.085333,7.318,7.067333,7.286,6.946777,3871500
2017-09-25,7.172667,7.185333,6.763333,6.862,6.542518,10708500
2017-09-26,7.082,7.097333,6.775333,6.85,6.531076,7134000
2017-09-27,7.067333,7.410667,7.048667,7.33,6.98873,7663500
2017-09-28,7.310667,7.495333,7.243333,7.494667,7.14573,4728000
2017-09-29,7.545333,7.702,7.462667,7.684,7.326248,6090000
2017-10-02,7.752,7.928667,7.659333,7.817333,7.453372,6615000
2017-10-03,7.866,7.959333,7.778667,7.894667,7.527106,4030500
2017-10-04,7.866667,7.946667,7.726,7.946667,7.576687,4509000
2017-10-05,8.034,8.062667,7.832667,7.963333,7.592576,4539000
2017-10-06,7.833333,8.066667,7.833333,8.066667,7.691098,2910000
2017-10-09,8.149333,8.266667,8.127333,8.235333,7.851912,4219500
2017-10-10,8.432,8.437333,8.139333,8.395333,8.004466,5818500
2017-10-11,8.308,8.564,8.3,8.56,8.161465,4752000
2017-10-12,8.533333,8.646667,8.453333,8.473333,8.078833,4723500
2017-10-13,8.548667,8.723333,8.522,8.64,8.237738,4167000
2017-10-16,8.733333,8.765333,8.583333,8.764,8.355965,4827000
2017-10-17,8.758,8.759333,8.604667,8.744667,8.337531,2974500
2017-10-18,8.79,8.870667,8.478,8.830667,8.419527,6814500
2017-10-19,8.596667,8.759333,8.344,8.753333,8.345793,7495500
2017-10-20,8.923333,9.017333,8.846667,8.879333,8.465926,4353000
2017-10-23,9.006,9.165333,8.885333,9.022,8.601952,7243500
2017-10-24,9.096667,9.236667,8.982,9.206,8.777386,5085000
2017-10-25,9.034,9.13,8.568667,8.846667,8.434783,12625500
2017-10-26,8.892,9.053333,8.856667,9.005333,8.58606,5766000
2017-10-27,9.233333,9.599333,9.061333,9.557333,9.112361,9070500
2017-10-30,9.233333,9.761333,9.233333,9.647333,9.198173,7716000
2017-10-31,9.733333,9.956,9.638667,9.864,9.404751,5248500
2017-11-01,10.111333,10.12,9.506667,9.772,9.317035,7902000
2017-11-02,9.784,9.98,9.581333,9.901333,9.440349,6831000
2017-11-03,10.008667,10.432667,9.803333,10.429333,9.943765,11805000
2017-11-06,10.698,10.883333,10.5,10.873333,10.367089,10276500
2017-11-07,10.829333,10.910667,10.617333,10.843333,10.33849,8470500
2017-11-08,10.766667,10.97,10.676,10.952667,10.442733,5565000
2017-11-09,10.631333,10.660667,9.889333,10.286,9.807102,17956500
2017-11-10,10.367333,10.510667,10.292667,10.481333,9.993342,6489000
2017-11-13,10.320667,10.612667,10.266667,10.566667,10.074701,5070000
2017-11-14,10.488667,10.634667,10.301333,10.537333,10.046737,6117000
2017-11-15,10.261333,10.396,10.0,10.258,9.780408,8970000
2017-11-16,10.4,10.846667,10.4,10.72,10.2209,7363500
2017-11-17,10.878667,10.912667,10.526667,10.578,10.085508,6295500
2017-11-20,10.668,11.007333,10.661333,10.951333,10.441459,6471000
2017-11-21,11.2,11.370667,11.098667,11.344,10.815846,9874500
2017-11-22,11.442667,11.453333,11.072,11.122667,10.604815,6756000
2017-11-24,11.217333,11.442667,11.213333,11.42,10.888308,6757500
2017-11-27,11.216,11.216667,10.933333,10.99,10.478329,10698000
2017-11-28,11.104667,11.124667,10.793333,10.98,10.468792,9736500
2017-11-29,10.916667,10.937333,9.222667,9.536667,9.09266,36519000
2017-11-30,9.863333,9.993333,9.520667,9.713333,9.261099,14869500
2017-12-01,9.419333,9.553333,8.666667,9.380667,8.943918,19072500
2017-12-04,9.706667,9.73,8.516667,8.7,8.294944,23742000
2017-12-05,8.598,9.199333,8.338,8.711333,8.305751,16374000
2017-12-06,8.468,8.844667,8.352667,8.799333,8.389653,10795500
2017-12-07,9.010667,9.139333,8.884,9.056667,8.635007,9966000
2017-12-08,9.343333,9.385333,8.894667,8.916667,8.501524,9871500
2017-12-11,8.96,9.148667,8.876667,9.072,8.649624,5599500
2017-12-12,9.0,9.0,8.774,8.8,8.390287,5977500
2017-12-13,8.884667,9.042667,8.780667,8.798667,8.389019,4125000
2017-12-14,8.787333,8.949333,8.708,8.778667,8.36995,5094000
2017-12-15,8.866667,9.25,8.766667,9.169333,8.74243,10255500
2017-12-18,9.516667,9.793333,9.378667,9.787333,9.331655,15397500
2017-12-19,9.741333,9.844,9.577333,9.744,9.298,8127000
2017-12-20,10.017333,10.083333,9.686667,9.948,9.492664,8721000
2017-12-21,10.008,10.008,9.584,9.626,9.185404,6909000
2017-12-22,9.474667,9.618,9.400667,9.600667,9.161226,3942000
2017-12-26,9.266667,9.342,9.073333,9.323333,8.89659,4524000
2017-12-27,9.270667,9.558,9.267333,9.417333,8.986285,2980500
2017-12-28,9.532,9.561333,9.434,9.477333,9.043539,3168000
2017-12-29,9.503333,9.537333,9.192,9.193333,8.77254,4132500
2018-01-02,9.35,9.951333,9.304,9.951333,9.495846,9237000
2018-01-03,10.050667,10.464,10.028,10.446667,9.968507,9871500
2018-01-04,10.664,10.738667,10.368667,10.63,10.143448,8502000
2018-01-05,10.746,10.938,10.577333,10.822,10.326662,7713000
2018-01-08,10.810667,11.166667,10.723333,11.065333,10.558856,6538500
2018-01-09,11.12,11.127333,10.690667,10.747333,10.25541,9009000
2018-01-10,10.378,10.496667,10.097333,10.35,9.876264,13269000
2018-01-11,10.479333,10.547333,10.318,10.533333,10.051206,5524500
2018-01-12,10.528667,10.765333,10.440667,10.696667,10.207066,5019000
2018-01-16,10.937333,11.181333,10.610667,10.811333,10.316482,9804000
2018-01-17,11.091333,11.792667,11.053333,11.741333,11.203914,11496000
2018-01-18,11.656667,12.083333,11.63,11.908667,11.363585,9171000
2018-01-19,12.048,12.102,11.716,11.940667,11.394126,9315000
2018-01-22,11.988,12.217333,11.81,12.217333,11.658125,5620500
2018-01-23,12.373333,12.496,12.234,12.494667,11.922766,6738000
2018-01-24,12.138667,12.236,11.370667,11.634667,11.10213,18628500
2018-01-25,12.08,12.095333,11.028667,11.029333,10.524506,13167000
2018-01-26,11.466667,12.083333,11.4,12.075333,11.522626,12733500
2018-01-29,11.916,12.277333,11.591333,12.036667,11.48573,9184500
2018-01-30,11.406667,11.718667,11.268,11.304,10.786598,11923500
2018-01-31,11.683333,11.830667,11.392,11.594,11.063322,6891000
2018-02-01,11.266667,11.927333,11.206667,11.422667,10.899833,6895500
2018-02-02,11.069333,11.16,10.466667,10.468667,9.989499,13788000
2018-02-05,10.2,10.722667,8.933333,9.068,8.652942,16929000
2018-02-06,8.526667,10.022,8.518667,10.0,9.542282,20614500
2018-02-07,9.86,10.050667,9.333333,9.334667,8.907403,12523500
2018-02-08,9.500667,9.528,8.134667,8.153333,7.780142,17155500
2018-02-09,8.757333,9.036,7.820667,8.896,8.488818,20676000
2018-02-12,9.144,9.540667,8.95,9.365333,8.936669,14100000
2018-02-13,9.125333,9.396,9.088,9.351333,8.923306,7440000
2018-02-14,9.133333,10.034667,9.133333,9.979333,9.522564,11127000
2018-02-15,10.254667,10.348,9.633333,10.348,9.874354,12339000
2018-02-16,10.157333,10.604667,10.152,10.230667,9.762392,7677000
2018-02-20,10.1,11.052667,10.089333,10.760667,10.268136,11586000
2018-02-21,10.954,10.968,10.376,10.396,9.92016,9901500
2018-02-22,10.523333,10.638667,10.224667,10.318667,9.846366,5809500
2018-02-23,10.587333,10.988667,10.556667,10.988667,10.485696,8178000
2018-02-26,11.233333,11.7,11.140667,11.688,11.15302,8653500
2018-02-27,11.647333,12.17,11.572667,11.58,11.049963,10837500
2018-02-28,11.8,11.93,11.231333,11.261333,10.745884,10170000
2018-03-01,11.282,11.402667,10.333333,10.718,10.227422,14397000
2018-03-02,10.258,11.331333,10.258,11.272,10.756064,9610500
2018-03-05,11.105333,11.74,10.933333,11.579333,11.049327,8790000
2018-03-06,11.853333,12.190667,11.716667,12.102667,11.548708,12933000
2018-03-07,11.750667,12.256667,11.733333,12.198,11.639679,9990000
2018-03-08,12.333333,12.447333,12.026667,12.25,11.689298,8625000
2018-03-09,12.461333,13.016667,12.439333,13.013333,12.417693,12120000
2018-03-12,13.28,13.628,13.166667,13.418667,12.804472,12079500
2018-03-13,13.665333,13.933333,12.611333,12.792,12.206491,22048500
2018-03-14,12.949333,12.98,12.434,12.786667,12.201404,13102500
2018-03-15,12.886,13.012667,12.556,12.749333,12.165775,7572000
2018-03-16,12.806,12.964,12.682,12.739333,12.156234,4693500
2018-03-19,12.408,12.544667,11.468667,12.001333,11.452015,17712000
2018-03-20,12.066667,12.386,12.017333,12.282,11.719831,8823000
2018-03-21,12.196,12.822667,12.08,12.365333,11.799353,9939000
2018-03-22,11.782,12.146667,11.332,11.35,10.830493,15714000
2018-03-23,11.284667,11.358667,10.214667,10.214667,9.747127,16557000
2018-03-26,10.980667,11.507333,10.534667,11.499333,10.97299,18847500
2018-03-27,11.84,11.851333,9.934,10.217333,9.749668,23146500
2018-03-28,10.092667,10.302667,9.421333,9.569333,9.13133,20061000
2018-03-29,9.788667,10.455333,9.543333,10.188,9.72168,17752500
2018-04-02,9.88,10.133333,8.724,9.008,8.595689,19338000
2018-04-03,9.392667,9.586,9.042667,9.524,9.088071,15993000
2018-04-04,8.707333,9.960667,8.683333,9.887333,9.434772,16759500
2018-04-05,10.093333,10.128667,9.374,9.583333,9.144688,13840500
2018-04-06,9.170667,9.499333,8.588667,8.708667,8.310056,13326000
2018-04-09,9.046,9.623333,8.854,8.868,8.462099,16462500
2018-04-10,9.498,9.87,9.302667,9.720667,9.275734,18669000
2018-04-11,9.574667,9.980667,9.476667,9.724667,9.279552,10633500
2018-04-12,9.989333,10.358667,9.908667,10.278667,9.808196,13927500
2018-04-13,10.657333,10.677333,9.916667,10.037333,9.577908,14283000
2018-04-16,10.228,10.254667,9.844667,10.102,9.639614,8299500
2018-04-17,10.296667,10.737333,10.266667,10.671333,10.18289,12387000
2018-04-18,10.467333,10.525333,10.046667,10.340667,9.867357,12802500
2018-04-19,9.797333,9.8,8.906667,9.005333,8.593143,33981000
2018-04-20,9.0,9.133333,8.559333,8.682,8.28461,16249500
2018-04-23,8.815333,8.838667,8.266667,8.332667,7.951267,16278000
2018-04-24,8.544667,8.783333,7.906,8.13,7.757878,21633000
2018-04-25,8.252,8.281333,7.710667,8.101333,7.730522,20535000
2018-04-26,8.461333,8.617333,8.323333,8.596,8.202548,17655000
2018-04-27,8.904,8.932,8.285333,8.406,8.021242,13656000
2018-04-30,8.4,8.553333,8.022667,8.127333,7.755331,11466000
2018-05-01,8.066667,8.556667,8.047333,8.529333,8.138933,13552500
2018-05-02,8.531333,8.634,8.309333,8.412,8.026969,10189500
2018-05-03,8.2,8.673333,8.014667,8.564,8.172012,15442500
2018-05-04,8.381333,9.21,8.309333,9.181333,8.761089,19219500
2018-05-07,9.335333,9.56,9.275333,9.432667,9.000917,14211000
2018-05-08,9.330667,9.633333,9.294667,9.633333,9.192398,10398000
2018-05-09,9.719333,10.051333,9.630667,10.049333,9.589359,12400500
2018-05-10,10.174,10.586,10.174,10.586,10.101465,12277500
2018-05-11,10.378,10.633333,10.275333,10.333333,9.860357,11790000
2018-05-14,10.716,11.088667,10.664667,10.74,10.248411,13374000
2018-05-15,10.491333,10.6,10.137333,10.36,9.885807,10774500
2018-05-16,10.390667,10.826,10.390667,10.778,10.284674,10854000
2018-05-17,10.658,10.932667,10.420667,10.652,10.164441,8755500
2018-05-18,10.392667,10.432,10.094667,10.204,9.736947,9588000
2018-05-21,10.67,10.825333,10.24,10.522667,10.041023,13068000
2018-05-22,10.804,10.93,10.574,10.7,10.210245,12891000
2018-05-23,10.399333,10.872667,10.306667,10.871333,10.373734,9612000
2018-05-24,10.844,11.063333,10.58,10.984,10.481244,10362000
2018-05-25,10.966667,11.282,10.908667,11.254667,10.739523,9672000
2018-05-29,11.050667,11.333333,10.81,11.039333,10.534044,10375500
2018-05-30,11.193333,11.501333,11.094667,11.258,10.7427,12159000
2018-05-31,11.181333,11.354,10.956667,11.014,10.509869,9567000
2018-06-01,11.258667,11.757333,11.176667,11.752,11.214091,17115000
2018-06-04,11.866667,12.079333,11.718,12.039333,11.488275,11950500
2018-06-05,12.133333,12.312,11.996667,12.199333,11.640947,9339000
2018-06-06,12.224,12.438667,12.066667,12.434667,11.865512,8950500
2018-06-07,12.466,12.519333,11.836,12.104667,11.550616,9597000
2018-06-08,11.673333,11.852,11.480667,11.785333,11.245898,9820500
2018-06-11,11.707333,11.892667,11.586667,11.698,11.162567,6118500
2018-06-12,11.778,11.91,11.578667,11.877333,11.333687,7593000
2018-06-13,11.879333,12.209333,11.799333,11.836667,11.294885,8608500
2018-06-14,12.016,12.221333,11.834,12.039333,11.488275,8094000
2018-06-15,11.739333,12.039333,11.683333,12.016,11.466009,10308000
2018-06-18,11.733333,11.733333,11.320667,11.646667,11.11358,12819000
2018-06-19,11.133333,11.253333,10.723333,11.239333,10.746483,14991000
2018-06-20,11.51,11.580667,11.266667,11.416,10.915401,7033500
2018-06-21,11.651333,11.658667,10.944,10.988,10.506168,9858000
2018-06-22,11.13,11.188,10.656,10.733333,10.262668,5146500
2018-06-25,10.333333,10.350667,9.380667,9.785333,9.356239,16000500
2018-06-26,9.936,10.031333,9.733333,9.888,9.454405,7869000
2018-06-27,10.034,10.127333,9.156,9.160667,8.758968,12337500
2018-06-28,9.110667,9.442,9.054,9.392,8.980156,10029000
2018-06-29,9.603333,9.777333,9.433333,9.433333,9.019675,8799000
2018-07-02,9.185333,9.616,8.979333,9.607333,9.186045,8422500
2018-07-03,9.697333,9.764667,9.049333,9.064,8.66654,7272000
2018-07-05,9.378,9.808,9.349333,9.797333,9.367714,10789500
2018-07-06,9.756,10.207333,9.638667,10.167333,9.721489,14602500
2018-07-09,10.476667,10.476667,9.992,10.357333,9.903157,10915500
2018-07-10,10.4,10.752667,10.364,10.681333,10.212949,11608500
2018-07-11,10.146667,10.353333,9.834,9.852,9.419984,16504500
2018-07-12,9.813333,10.097333,9.584,10.063333,9.622047,13414500
2018-07-13,10.08,10.118667,9.884667,9.934667,9.499026,6973500
2018-07-16,9.948,10.095333,9.873333,9.894,9.460143,6094500
2018-07-17,9.688667,10.333333,9.658667,10.332667,9.879572,10303500
2018-07-18,10.453333,10.615333,10.35,10.556,10.093112,9042000
2018-07-19,10.426667,10.614667,10.27,10.478667,10.019172,7416000
2018-07-20,10.393333,10.511333,10.166667,10.325333,9.872561,6780000
2018-07-23,10.200667,10.421333,9.769333,10.368667,9.913995,8800500
2018-07-24,10.542667,10.72,9.99,10.034,9.594,10236000
2018-07-25,9.986667,10.191333,9.628667,10.191333,9.744437,14748000
2018-07-26,10.366667,10.758667,10.356,10.745333,10.274145,16359000
2018-07-27,10.766667,11.045333,10.354,10.590667,10.126261,12807000
2018-07-30,10.57,10.676,10.126,10.289333,9.83814,10194000
2018-07-31,10.467333,10.904667,10.420667,10.481333,10.02172,7806000
2018-08-01,10.552667,10.764667,10.306,10.424,9.966901,6054000
2018-08-02,10.154667,10.783333,10.046667,10.747333,10.276055,7603500
2018-08-03,10.750667,10.84,10.6,10.8,10.326414,4069500
2018-08-06,10.755333,10.998667,10.566,10.994667,10.512545,5463000
2018-08-07,11.115333,11.282667,11.021333,11.264,10.770066,5655000
2018-08-08,11.208,11.400667,11.124,11.35,10.852294,4932000
2018-08-09,11.215333,11.223333,10.985333,10.998667,10.516368,6726000
2018-08-10,10.382667,10.460667,10.024667,10.17,9.724042,16897500
2018-08-13,10.222667,10.490667,10.186667,10.21,9.762285,9745500
2018-08-14,10.393333,10.456,10.131333,10.179333,9.732965,5463000
2018-08-15,9.960667,10.026,9.433333,9.76,9.332019,12493500
2018-08-16,9.968667,9.988,9.62,9.692,9.267,8014500
2018-08-17,9.407333,9.549333,9.053333,9.470667,9.055372,12708000
2018-08-20,9.533333,9.616,9.128,9.448667,9.034339,8164500
2018-08-21,9.56,10.074,9.517333,10.008,9.569141,10276500
2018-08-22,9.916667,10.172667,9.745333,10.139333,9.694719,8587500
2018-08-23,10.137333,10.396667,10.092,10.174,9.727864,7741500
2018-08-24,10.296,10.619333,10.293333,10.611333,10.14602,8875500
2018-08-27,10.82,11.35,10.779333,11.108667,10.621548,16623000
2018-08-28,11.258667,11.373333,10.910667,11.237333,10.744568,11250000
2018-08-29,11.236,11.42,11.115333,11.330667,10.83381,7524000
2018-08-30,11.223333,11.375333,10.972,11.012,10.529119,9526500
2018-08-31,10.933333,11.242,10.933333,11.2,10.708876,4807500
2018-09-04,11.051333,11.481333,10.99,11.457333,10.954924,8767500
2018-09-05,11.4,11.526,11.001333,11.292667,10.797478,6303000
2018-09-06,11.192,11.206,10.358667,10.386667,9.931207,13224000
2018-09-07,10.266667,10.716667,10.183333,10.260667,9.810734,8241000
2018-09-10,10.512667,10.596667,10.294667,10.595333,10.130721,5392500
2018-09-11,10.417333,10.505333,10.110667,10.278667,9.827942,8391000
2018-09-12,9.937333,9.937333,9.253333,9.926,9.490741,19008000
2018-09-13,10.238667,10.639333,10.148667,10.275333,9.824755,13285500
2018-09-14,10.453333,10.72,10.345333,10.608667,10.14347,9342000
2018-09-17,10.417333,10.566667,10.109333,10.133333,9.68898,6747000
2018-09-18,10.274,10.6,10.274,10.418,9.961164,6496500
2018-09-19,10.413333,10.606667,10.327333,10.477333,10.0179,4318500
2018-09-20,10.644667,10.967333,10.644667,10.838,10.362746,9111000
2018-09-21,10.835333,10.986667,10.658667,10.740667,10.26968,5826000
2018-09-24,10.482667,10.871333,10.410667,10.854667,10.378684,5310000
2018-09-25,10.718667,10.747333,10.220667,10.284667,9.861053,10809000
2018-09-26,10.18,10.349333,9.962,9.994667,9.583,5340000
2018-09-27,10.073333,10.22,9.990667,10.124,9.707004,3802500
2018-09-28,10.054667,10.394,9.985333,10.307333,9.882785,7743000
2018-10-01,10.392667,10.65,10.314667,10.393333,9.965244,6400500
2018-10-02,10.324667,10.816667,10.307333,10.41,9.981223,8142000
2018-10-03,10.540667,10.63,10.133333,10.427333,9.997841,7701000
2018-10-04,10.24,10.266667,9.6,9.866667,9.460272,15123000
2018-10-05,9.760667,9.897333,8.897333,9.17,8.792296,22242000
2018-10-08,9.0,9.186667,8.613333,8.844667,8.480367,12891000
2018-10-09,8.778,8.954,8.656667,8.837333,8.473331,7024500
2018-10-10,8.506667,8.508,7.653333,7.664667,7.348968,26956500
2018-10-11,7.646667,8.105333,7.246667,7.420667,7.115019,20209500
2018-10-12,8.040667,8.155333,7.5,7.834,7.511326,13690500
2018-10-15,7.724,7.88,7.534,7.624667,7.310616,8487000
2018-10-16,7.913333,8.402667,7.848667,8.371333,8.026526,10891500
2018-10-17,8.532667,8.605333,8.093333,8.265333,7.924894,9156000
2018-10-18,8.161333,8.166667,7.555333,7.646667,7.331709,15177000
2018-10-19,7.802,7.918,7.2,7.286,6.985898,14745000
2018-10-22,7.433333,7.558667,7.229333,7.428,7.122049,8202000
2018-10-23,6.843333,7.433333,6.610667,7.308667,7.007632,20764500
2018-10-24,6.944,6.966667,5.833333,5.863333,5.62183,29644500
2018-10-25,6.000667,6.402667,5.96,6.262,6.004075,15933000
2018-10-26,5.839333,6.253333,5.625333,5.928667,5.684473,19084500
2018-10-29,6.267333,6.369333,5.416,5.754,5.516998,15058500
2018-10-30,5.721333,6.477333,5.692667,6.47,6.203508,18321000
2018-10-31,6.766667,6.853333,6.522667,6.702667,6.426592,14517000
2018-11-01,6.794667,7.692,6.789333,7.625333,7.311255,19780500
2018-11-02,7.618,7.679333,7.008,7.283333,6.98334,18301500
2018-11-05,7.246667,7.262667,6.738667,7.096,6.803723,12534000
2018-11-06,7.047333,7.424,7.047333,7.353333,7.050458,7428000
2018-11-07,7.657333,7.674667,7.344667,7.617333,7.303584,13149000
2018-11-08,7.399333,7.680667,7.304,7.517333,7.207703,8494500
2018-11-09,7.2,7.276667,6.902,7.098,6.805642,8788500
2018-11-12,6.755333,6.758,6.073333,6.168,5.913947,15409500
2018-11-13,6.267333,6.771333,6.267333,6.396,6.132556,10953000
2018-11-14,6.632667,6.771333,6.297333,6.470667,6.204148,10629000
2018-11-15,6.398667,7.2,6.366667,7.125333,6.831848,14431500
2018-11-16,6.39,6.963333,6.350667,6.870667,6.587672,12009000
2018-11-19,6.702667,6.837333,6.063333,6.071333,5.821261,13630500
2018-11-20,5.572667,6.345333,5.556667,6.1,5.848747,21753000
2018-11-21,6.319333,6.446,6.162,6.172667,5.918422,10492500
2018-11-23,6.066667,6.333333,6.0,6.17,5.915865,5686500
2018-11-26,6.433333,6.521333,6.242667,6.518667,6.250171,10636500
2018-11-27,6.406,6.713333,6.312667,6.560667,6.290439,7797000
2018-11-28,6.757333,7.012,6.380667,7.011333,6.722544,11701500
2018-11-29,6.910667,7.051333,6.792667,6.844667,6.562743,6813000
2018-11-30,6.862667,7.14,6.636667,7.126,6.832488,9060000
2018-12-03,7.797333,7.861333,7.48,7.702,7.384764,18288000
2018-12-04,7.523333,7.552,6.566667,6.578667,6.3077,18252000
2018-12-06,6.038667,6.470667,5.94,6.470667,6.204148,21013500
2018-12-07,6.427333,6.473333,5.657333,5.746,5.509328,19045500
2018-12-10,5.715333,6.052,5.658,5.989333,5.742638,14008500
2018-12-11,6.270667,6.51,5.989333,6.095333,5.844273,23953500
2018-12-12,6.387333,6.627333,6.228667,6.365333,6.103152,17592000
2018-12-13,6.484667,6.574667,6.224,6.294667,6.035397,13446000
2018-12-14,6.083333,6.41,6.022,6.026,5.777796,10413000
2018-12-17,5.966667,6.275333,5.691333,5.8,5.561104,15946500
2018-12-18,5.946,6.305333,5.944667,6.029333,5.780992,13204500
2018-12-19,5.971333,6.126667,5.181333,5.267333,5.050377,29062500
2018-12-20,5.240667,5.506667,4.936,5.132667,4.921258,19387500
2018-12-21,5.232,5.414667,4.838,4.897333,4.695618,19287000
2018-12-24,4.768667,4.923333,4.466667,4.472,4.287803,13795500
2018-12-26,4.652667,5.244667,4.425333,5.240667,5.024809,17737500
2018-12-27,4.956667,5.341333,4.803333,5.338667,5.137269,12370500
2018-12-28,5.454667,5.746667,5.314,5.451333,5.245684,17269500
2018-12-31,5.638,5.691333,5.390667,5.554667,5.345119,12660000
2019-01-02,5.180667,5.822,5.174,5.702,5.486895,13147500
2019-01-03,5.315333,5.388667,4.672667,4.688667,4.511788,28599000
2019-01-04,4.922,5.356667,4.886667,5.294667,5.094928,17604000
2019-01-07,5.398667,5.754,5.280667,5.605333,5.393875,16641000
2019-01-08,5.775333,5.782667,5.298667,5.519333,5.311119,14445000
2019-01-09,5.678,6.022,5.672667,5.946,5.72169,17928000
2019-01-10,5.760667,6.137333,5.757333,6.113333,5.88271,12975000
2019-01-11,6.018667,6.451333,5.966667,6.284,6.046939,12399000
2019-01-14,6.05,6.118,5.890667,5.986667,5.760822,10731000
2019-01-15,6.028667,6.243333,5.952,6.026,5.798671,14590500
2019-01-16,6.1,6.179333,5.870667,5.878667,5.656896,10257000
2019-01-17,5.794,6.176,5.654667,6.082,5.852559,15876000
2019-01-18,6.263333,6.616,6.161333,6.499333,6.254148,15720000
2019-01-22,6.315333,6.322,5.813333,5.952667,5.728105,18655500
2019-01-23,6.067333,6.126,5.660667,5.828667,5.608782,15681000
2019-01-24,6.192667,6.9,6.192667,6.825333,6.56785,32491500
2019-01-25,6.894667,7.342,6.766667,7.261333,6.987402,17100000
2019-01-28,6.453333,6.994667,6.407333,6.818667,6.561435,14305500
2019-01-29,6.857333,6.906667,6.496667,6.524,6.277885,9061500
2019-01-30,6.876,7.166667,6.656667,7.09,6.822533,14400000
2019-01-31,7.066,7.274,6.9,7.095333,6.827664,10894500
2019-02-01,7.106667,7.440667,7.106667,7.343333,7.066309,10723500
2019-02-04,7.36,7.455333,7.166667,7.454,7.172802,4450500
2019-02-05,7.466667,7.656667,7.409333,7.558,7.272877,9172500
2019-02-06,7.833333,8.336667,7.826,8.165333,7.857298,17931000
2019-02-07,7.866667,7.967333,7.422667,7.62,7.332539,18687000
2019-02-08,7.273333,7.624667,7.184667,7.588667,7.302388,10705500
2019-02-11,7.706,7.748667,7.490667,7.697333,7.406954,8164500
2019-02-12,7.986667,8.235333,7.937333,8.182667,7.87398,13083000
2019-02-13,8.332,8.442,8.174667,8.254,7.942621,12480000
2019-02-14,8.136,8.5,8.136,8.318667,8.004846,11575500
2019-02-15,8.532667,8.577333,8.294667,8.453333,8.134436,10102500
2019-02-19,8.304667,8.574667,8.300667,8.398667,8.081831,7548000
2019-02-20,8.472,8.779333,8.469333,8.63,8.304436,9694500
2019-02-21,8.652667,8.693333,8.359333,8.44,8.121603,11476500
2019-02-22,8.642667,8.734,8.525333,8.703333,8.375003,12757500
2019-02-25,9.134,9.220667,8.899333,8.922,8.585421,12519000
2019-02-26,8.829333,8.949333,8.663333,8.737333,8.407721,8319000
2019-02-27,8.614667,8.614667,8.150667,8.428667,8.110699,15036000
2019-02-28,8.324,8.517333,8.24,8.449333,8.130584,7447500
2019-03-01,8.702667,8.782,8.400667,8.67,8.342927,10362000
2019-03-04,8.864667,8.927333,8.348667,8.674,8.34678,14767500
2019-03-05,8.651333,8.710667,8.448,8.55,8.227454,7974000
2019-03-06,8.524,8.556,8.12,8.132,7.825224,14940000
2019-03-07,8.0,8.040667,7.711333,7.855333,7.558994,15607500
2019-03-08,7.442667,7.862,7.38,7.842667,7.546806,12711000
2019-03-11,7.988667,8.512667,7.946667,8.402,8.085038,12825000
2019-03-12,8.458,8.632667,8.255333,8.5,8.179342,10372500
2019-03-13,8.635333,8.802667,8.566667,8.604,8.279418,8331000
2019-03-14,8.61,8.726,8.442,8.457333,8.138283,6633000
2019-03-15,8.765333,9.384667,8.72,9.186,8.839465,22909500
2019-03-18,9.244,9.384667,8.962,9.126,8.781727,10273500
2019-03-19,9.362667,9.559333,9.317333,9.478667,9.137308,13689000
2019-03-20,9.466,9.628667,9.034667,9.208667,8.877032,13167000
2019-03-21,9.236667,10.348667,9.236667,10.163333,9.797316,21321000
2019-03-22,10.011333,10.074,9.273333,9.298667,8.96379,18607500
2019-03-25,9.144667,9.353333,8.721333,8.944,8.621896,23959500
2019-03-26,9.319333,9.450667,9.002667,9.216,8.884101,17310000
2019-03-27,9.233333,9.317333,8.609333,8.812,8.49465,19968000
2019-03-28,8.890667,9.092,8.587333,8.766,8.450308,11520000
2019-03-29,9.074,9.215333,8.998667,9.169333,8.839116,12793500
2019-04-01,9.577333,9.869333,9.456,9.844667,9.490129,18229500
2019-04-02,9.829333,9.948667,9.696,9.876,9.520332,8290500
2019-04-03,10.236667,10.808667,10.214,10.548667,10.168774,30327000
2019-04-04,10.436,10.795333,10.431333,10.588667,10.207332,14100000
2019-04-05,10.792667,10.847333,10.600667,10.830667,10.440618,7863000
2019-04-08,10.683333,10.933333,10.616667,10.908667,10.515808,7659000
2019-04-09,10.733333,10.733333,10.393333,10.540667,10.16106,16965000
2019-04-10,10.539333,10.9,10.52,10.811333,10.421981,13528500
2019-04-11,10.866667,11.005333,10.68,10.784667,10.396274,9259500
2019-04-12,11.093333,11.239333,10.974667,11.233333,10.828783,12208500
2019-04-15,11.229333,11.266667,10.796,10.994,10.598071,9196500
2019-04-16,11.199333,12.047333,11.172667,12.041333,11.607684,19468500
2019-04-17,12.733333,13.062667,12.302667,12.589333,12.135948,16183500
2019-04-18,12.601333,12.724,12.421333,12.613333,12.159083,9463500
2019-04-22,12.433333,12.702667,12.293333,12.618667,12.164229,4671000
2019-04-23,12.778,13.120667,12.694667,12.997333,12.529255,8796000
2019-04-24,12.967333,13.762,12.967333,13.374,12.892357,11011500
2019-04-25,13.262667,13.262667,12.301333,12.646,12.190573,12978000
2019-04-26,11.928667,12.333333,11.542,12.329333,11.885314,13794000
2019-04-29,12.371333,12.416,12.102,12.264667,11.822976,4995000
2019-04-30,12.209333,12.620667,12.189333,12.536667,12.085179,6696000
2019-05-01,12.934,13.106667,12.209333,12.229333,11.788916,12915000
2019-05-02,12.165333,13.02,12.136667,12.636667,12.181576,13312500
2019-05-03,12.863333,12.908,12.450667,12.89,12.425788,8863500
2019-05-06,11.606,12.284667,11.481333,12.256667,11.815264,17829000
2019-05-07,11.801333,11.859333,10.96,11.362,10.952815,24256500
2019-05-08,11.125333,11.6,11.024,11.089333,10.689966,12007500
2019-05-09,10.566667,10.848,9.955333,10.694667,10.309517,18993000
2019-05-10,10.479333,10.923333,9.974,10.726,10.339723,20788500
2019-05-13,9.662667,9.858667,9.079333,9.212,8.880244,24391500
2019-05-14,9.553333,10.007333,9.425333,9.871333,9.515834,17139000
2019-05-15,9.522,10.311333,9.513333,10.113333,9.749117,14703000
2019-05-16,9.666667,9.935333,9.417333,9.6,9.254272,21981000
2019-05-17,9.155333,9.715333,8.918,9.032667,8.70737,24265500
2019-05-20,8.224,8.373333,7.78,7.95,7.663693,26760000
2019-05-21,8.466667,8.575333,8.245333,8.45,8.145688,19236000
2019-05-22,7.982,8.178667,7.836,7.921333,7.636058,15225000
2019-05-23,7.471333,7.554667,7.154667,7.520667,7.249822,20860500
2019-05-24,7.712667,7.806667,7.310667,7.325333,7.061523,13459500
2019-05-28,7.457333,7.533333,7.095333,7.126,6.869369,13249500
2019-05-29,6.950667,7.322667,6.903333,7.222667,6.962554,20284500
2019-05-30,7.296,7.572,7.226667,7.387333,7.12129,19113000
2019-05-31,7.112,7.430667,7.048,7.066667,6.812172,18478500
2019-06-03,7.332,7.533333,7.01,7.134667,6.877724,23410500
2019-06-04,7.533333,8.055333,7.326667,8.04,7.750453,32151000
2019-06-05,8.304667,8.310667,7.569333,7.88,7.596213,25533000
2019-06-06,7.877333,8.292,7.826667,8.207333,7.91176,14176500
2019-06-07,8.265333,8.538667,8.227333,8.464667,8.159825,14091000
2019-06-10,8.851333,9.424,8.787333,9.124667,8.796057,21726000
2019-06-11,9.638,9.666667,8.994,9.193333,8.862251,18606000
2019-06-12,8.922,8.946667,8.517333,8.544667,8.236944,11925000
2019-06-13,8.768667,8.803333,8.5,8.706667,8.393109,11455500
2019-06-14,7.933333,8.143333,7.852,8.016667,7.727961,14856000
2019-06-17,8.033333,8.110667,7.838667,7.855333,7.572436,8601000
2019-06-18,8.144667,9.04,8.094,8.88,8.560203,26061000
2019-06-19,9.026667,9.081333,8.755333,8.897333,8.576912,13185000
2019-06-20,9.471333,9.552667,9.010667,9.144,8.814695,19162500
2019-06-21,9.010667,9.246667,8.924,8.955333,8.632821,12225000
2019-06-24,9.014,9.133333,8.927333,9.014667,8.69002,9433500
2019-06-25,9.025333,9.170667,8.587333,8.619333,8.320862,12205500
2019-06-26,9.188667,9.594,9.142,9.429333,9.102811,19284000
2019-06-27,9.603333,10.001333,9.603333,9.845333,9.504405,13567500
2019-06-28,10.126,10.157333,9.824667,9.886,9.543664,11226000
2019-07-01,11.18,11.44,10.44,10.686,10.315959,21082500
2019-07-02,10.56,10.56,10.103333,10.238,9.883474,12142500
2019-07-03,10.277333,10.277333,9.876667,10.078667,9.729658,9478500
2019-07-05,9.75,9.951333,9.588667,9.918,9.574558,9699000
2019-07-08,9.644667,9.778667,9.516667,9.678,9.342865,8194500
2019-07-09,9.536,9.928667,9.458667,9.901333,9.558466,9168000
2019-07-10,10.230667,10.530667,10.059333,10.109333,9.759263,16626000
2019-07-11,10.26,10.311333,10.007333,10.186,9.833276,8664000
2019-07-12,10.295333,10.778667,10.268667,10.768,10.395121,12400500
2019-07-15,10.933333,11.166667,10.833333,11.018667,10.637109,8479500
2019-07-16,10.859333,10.932667,10.499333,10.662,10.292791,9934500
2019-07-17,10.896,10.925333,10.651333,10.751333,10.379033,7201500
2019-07-18,10.796,11.302667,10.774667,11.244,10.854638,13081500
2019-07-19,11.396,11.5,11.150667,11.169333,10.782558,9180000
2019-07-22,11.364667,11.88,11.34,11.823333,11.413911,13075500
2019-07-23,12.07,12.273333,11.874,12.273333,11.848329,10419000
2019-07-24,12.533333,13.474,12.512667,13.392,12.928255,23553000
2019-07-25,13.143333,13.146667,12.61,12.712667,12.272448,14809500
2019-07-26,12.969333,12.990667,12.685333,12.703333,12.263435,8842500
2019-07-29,12.6,12.863333,12.322,12.801333,12.358046,7939500
2019-07-30,12.456,12.804667,12.322667,12.714667,12.274381,5961000
2019-07-31,12.510667,12.510667,11.109333,11.486667,11.088903,21309000
2019-08-01,11.364,12.312667,10.506667,10.797333,10.423438,25618500
2019-08-02,10.453333,10.736,10.033333,10.291333,9.93496,16612500
2019-08-05,9.386667,9.43,8.702,8.946667,8.63686,22728000
2019-08-06,9.417333,9.666,9.006,9.306,8.983747,20334000
2019-08-07,8.887333,9.571333,8.866667,9.502,9.172964,19701000
2019-08-08,9.791333,10.278667,9.559333,10.278667,9.922736,18787500
2019-08-09,9.947333,10.070667,9.506,9.704,9.367965,17550000
2019-08-12,9.463333,9.704,9.202667,9.356,9.03202,12654000
2019-08-13,9.32,10.411333,9.134,10.182,9.829415,19845000
2019-08-14,9.48,9.721333,9.074667,9.227333,8.907805,27957000
2019-08-15,9.473333,9.473333,8.928667,9.151333,8.834437,14976000
2019-08-16,9.545333,9.977333,9.48,9.9,9.557179,16189500
2019-08-19,10.591333,10.714667,10.313333,10.468667,10.106154,15972000
2019-08-20,10.393333,10.524667,10.136,10.302667,9.945904,8716500
2019-08-21,10.633333,10.733333,10.432,10.594667,10.227792,9754500
2019-08-22,10.653333,10.755333,10.246,10.583333,10.216847,9760500
2019-08-23,10.173333,10.436667,9.106667,9.212,8.893004,31515000
2019-08-26,9.668667,9.686,9.325333,9.44,9.113108,11319000
2019-08-27,9.676667,9.766667,9.18,9.341333,9.01786,11251500
2019-08-28,9.194667,9.552667,9.000667,9.512667,9.183259,10600500
2019-08-29,9.933333,10.348,9.933333,10.156667,9.80496,18906000
2019-08-30,10.440667,10.598667,10.17,10.33,9.972291,10582500
2019-09-03,10.000667,10.102667,9.624,9.792667,9.453565,12528000
2019-09-04,10.266,10.607333,10.251333,10.593333,10.226502,19119000
2019-09-05,11.27,11.950667,11.226,11.582667,11.18158,17769000
2019-09-06,11.64,11.753333,11.400667,11.629333,11.226628,7131000
2019-09-09,11.853333,12.084667,11.646667,11.792667,11.384307,9319500
2019-09-10,11.608,11.948,11.374,11.948,11.534261,7002000
2019-09-11,12.119333,12.483333,11.9,12.483333,12.051054,9793500
2019-09-12,12.800667,12.938,12.334,12.593333,12.157246,11793000
2019-09-13,12.597333,12.703333,12.280667,12.479333,12.047194,6118500
2019-09-16,12.133333,12.393333,11.888,12.225333,11.801991,6535500
2019-09-17,12.143333,12.359333,11.934,12.336667,11.90947,5451000
2019-09-18,12.292,12.374667,11.834,12.360667,11.932637,8751000
2019-09-19,12.472,12.556667,12.117333,12.172667,11.751147,7227000
2019-09-20,12.32,12.32,11.333333,11.494,11.095982,11719500
2019-09-23,11.426,12.032667,11.426,11.845333,11.43515,8188500
2019-09-24,12.092,12.104667,11.068667,11.252,10.881532,18163500
2019-09-25,11.067333,11.938667,10.795333,11.827333,11.437922,11985000
2019-09-26,11.838667,11.966667,11.511333,11.864667,11.474025,10096500
2019-09-27,11.607333,11.738,10.749333,11.0,10.637827,17278500
2019-09-30,11.2,11.382667,11.017333,11.348,10.97437,7299000
2019-10-01,11.573333,11.986667,10.910667,11.037333,10.673931,14653500
2019-10-02,10.709333,10.836667,10.306667,10.516667,10.17041,19338000
2019-10-03,10.535333,11.08,10.146,11.054667,10.690696,17961000
2019-10-04,11.164,11.666667,11.136667,11.654,11.270295,13695000
2019-10-07,11.553333,11.762667,11.384,11.388667,11.013698,9079500
2019-10-08,11.033333,11.058667,10.311333,10.341333,10.00085,25107000
2019-10-09,10.766667,11.066,10.671333,10.862667,10.505015,15838500
2019-10-10,10.941333,11.516667,10.904,11.178667,10.810614,18492000
2019-10-11,11.8,12.336,11.762667,11.929333,11.536561,27876000
2019-10-14,11.888,12.0,11.750667,11.927333,11.534627,7069500
2019-10-15,12.132,12.796,12.096667,12.709333,12.290882,19419000
2019-10-16,12.526,12.691333,12.077333,12.156667,11.756412,15471000
2019-10-17,12.596,12.701333,12.043333,12.284,11.879554,12418500
2019-10-18,12.203333,12.290667,11.514,11.874,11.483051,14661000
2019-10-21,12.158667,12.556667,12.113333,12.549333,12.136147,11613000
2019-10-22,12.62,12.699333,12.238,12.256,11.852476,9618000
2019-10-23,11.576,11.866667,11.316667,11.543333,11.163273,15555000
2019-10-24,12.0,12.398667,11.934,12.380667,11.973037,14469000
2019-10-25,12.456,13.173333,12.443333,13.142667,12.709949,18265500
2019-10-28,13.400667,13.888667,13.391333,13.832,13.376584,15250500
2019-10-29,13.898667,14.165333,13.423333,13.469333,13.025858,10779000
2019-10-30,13.743333,13.743333,13.173333,13.471333,13.027792,8559000
2019-10-31,13.304,13.346,12.71,13.218,12.782802,9952500
2019-11-01,13.595333,14.129333,13.434667,14.129333,13.66413,10477500
2019-11-04,14.665333,15.131333,14.628667,15.054667,14.558996,12294000
2019-11-05,15.236,15.477333,14.97,15.141333,14.642808,9777000
2019-11-06,15.060667,15.066667,14.346,14.8,14.312713,11104500
2019-11-07,15.51,15.568667,14.881333,15.090667,14.593811,12427500
2019-11-08,14.906,15.331333,14.638667,15.331333,14.826553,7299000
2019-11-11,14.926,15.175333,14.748667,15.082,14.585428,6657000
2019-11-12,15.306,15.559333,15.008,15.215333,14.714373,13849500
2019-11-13,14.888667,15.353333,14.733333,15.206667,14.705996,12061500
2019-11-14,15.055333,15.127333,14.742,15.081333,14.584784,11265000
2019-11-15,15.619333,15.866667,15.280667,15.473333,14.96388,14211000
2019-11-18,15.484,15.675333,15.134667,15.379333,14.872969,8130000
2019-11-19,15.566667,15.664,14.898667,15.141333,14.642808,12429000
2019-11-20,14.895333,15.167333,14.285333,14.620667,14.139287,17808000
2019-11-21,14.406667,14.542667,13.958,14.121333,13.656389,15439500
2019-11-22,14.344,14.49,14.0,14.114,13.649301,10084500
2019-11-25,14.533333,15.163333,14.518,15.140667,14.642164,14046000
2019-11-26,15.063333,15.094667,14.74,14.936,14.444237,10887000
2019-11-27,15.167333,15.275333,15.054667,15.256,14.753699,7248000
2019-11-29,15.036,15.070667,14.714,14.762667,14.276611,4399500
2019-12-02,14.774667,14.878667,14.035333,14.113333,13.648655,13189500
2019-12-03,13.153333,13.475333,12.98,13.468,13.024571,14646000
2019-12-04,14.066,14.243333,13.933333,14.100667,13.636408,8785500
2019-12-05,14.316667,14.483333,14.088667,14.27,13.800164,7833000
2019-12-06,14.756667,15.018,14.727333,14.933333,14.441655,9769500
2019-12-09,14.933333,15.052,14.674,14.681333,14.197955,4908000
2019-12-10,14.876,15.150667,14.698,14.844667,14.355911,7432500
2019-12-11,15.023333,15.851333,14.967333,15.818,15.297196,11976000
2019-12-12,15.734667,17.15,15.72,17.101334,16.538282,20947500
2019-12-13,17.053333,17.612,16.600668,16.82,16.266207,21313500
2019-12-16,17.386667,17.759333,17.281334,17.297333,16.727821,10213500
2019-12-17,17.563334,17.656668,17.266666,17.524668,16.94767,9778500
2019-12-18,17.579332,17.666668,17.326668,17.499332,16.923164,7486500
2019-12-19,17.667334,17.927334,17.467333,17.910667,17.320959,7558500
2019-12-20,18.214001,18.577333,18.037333,18.486,17.877352,10882500
2019-12-23,18.913334,18.920668,18.534,18.591333,17.997908,11043000
2019-12-24,18.673332,18.729334,18.399332,18.729334,18.131506,3774000
2019-12-26,18.83,18.873333,18.554001,18.799999,18.199917,5878500
2019-12-27,18.990667,18.990667,18.440666,18.590668,17.997265,7303500
2019-12-30,18.510668,18.536667,17.774668,18.199333,17.618423,9241500
2019-12-31,17.916,18.381332,17.869333,18.321333,17.736526,5722500
2020-01-02,19.008667,19.466,18.752666,19.464001,18.842722,10438500
2020-01-03,18.5,18.885332,18.274668,18.412666,17.824949,14713500
2020-01-06,17.733999,17.996668,17.429333,17.828667,17.259586,11313000
2020-01-07,18.403999,19.006001,18.123333,18.747999,18.14958,10441500
2020-01-08,18.826668,19.123333,18.486,18.789333,18.189589,10024500
2020-01-09,19.466,19.482668,18.547333,19.114,18.503897,11472000
2020-01-10,19.375999,19.382,18.584,18.723333,18.125696,11304000
2020-01-13,19.126667,19.501333,18.92,19.457333,18.836273,8160000
2020-01-14,19.470667,20.018,19.222668,19.582666,18.957602,9610500
2020-01-15,19.573334,19.623333,18.666668,18.876667,18.274137,11518500
2020-01-16,19.343332,19.823999,19.299999,19.822666,19.189936,10807500
2020-01-17,20.077333,20.236,19.747334,20.207333,19.562326,11839500
2020-01-21,19.955999,20.4,19.933332,20.17,19.526186,6961500
2020-01-22,20.634001,21.291332,20.466,20.651333,19.992155,10747500
2020-01-23,20.890667,21.133333,20.248667,21.122667,20.448446,9354000
2020-01-24,21.950666,22.066668,19.957333,20.408667,19.75724,19885500
2020-01-27,18.586,18.796667,17.937332,18.041332,17.465467,19500000
2020-01-28,18.733334,19.496668,18.333332,19.332666,18.71558,14221500
2020-01-29,19.117332,19.243334,18.202667,18.266666,17.683607,12270000
2020-01-30,17.900667,18.372667,17.143333,18.198668,17.617781,17106000
2020-01-31,17.757999,17.780666,16.034,16.240667,15.722279,22954500
2020-02-03,16.468,16.940666,16.402666,16.860666,16.322483,13681500
2020-02-04,18.136,18.469999,17.892,18.433332,17.844954,15466500
2020-02-05,19.413334,19.720667,18.825333,19.639999,19.013109,19452000
2020-02-06,19.701332,19.723333,18.946667,19.652666,19.025366,12234000
2020-02-07,19.074667,19.153334,18.233334,18.266001,17.682964,16014000
2020-02-10,17.841333,19.093332,17.833332,19.093332,18.483887,11137500
2020-02-11,19.612,20.535999,19.599333,20.239332,19.593309,16857000
2020-02-12,20.892668,21.227333,20.799999,21.128668,20.454254,11917500
2020-02-13,20.562668,21.625334,20.514668,21.175333,20.499432,13008000
2020-02-14,21.650667,21.906668,20.664667,21.039333,20.367773,11269500
2020-02-18,19.933332,20.282667,19.733999,20.165333,19.521669,16186500
2020-02-19,20.99,21.810667,20.936666,21.732,21.038328,13075500
2020-02-20,21.466667,21.666668,19.774,20.760668,20.098,20755500
2020-02-21,20.344667,20.366667,18.666668,18.896667,18.293499,25333500
2020-02-24,16.222,17.014668,15.934667,16.200666,15.683556,30187500
2020-02-25,16.893999,16.922667,14.452,14.712667,14.243051,38751000
2020-02-26,15.068667,15.772,14.533333,14.836,14.362446,33132000
2020-02-27,13.44,14.342,12.658667,12.742,12.335284,38827500
2020-02-28,11.466667,13.866,11.446667,13.666667,13.230436,45580500
2020-03-02,14.5,15.020667,13.020667,15.02,14.540574,36516000
2020-03-03,15.21,15.822667,13.118,13.499333,13.068443,32919000
2020-03-04,14.306667,15.49,13.736,15.475333,14.981371,20538000
2020-03-05,14.190667,15.286,13.734,14.087333,13.637674,23968500
2020-03-06,13.0,13.566,12.2,13.240667,12.818035,26310000
2020-03-09,10.135333,11.792667,9.866667,9.886,9.570449,31191000
2020-03-10,11.128,11.773333,9.933333,11.773333,11.397534,33006000
2020-03-11,10.719333,11.132667,9.42,9.776,9.463957,33735000
2020-03-12,7.774,8.915333,6.801333,6.802667,6.585531,47734500
2020-03-13,8.074,8.733333,6.533333,8.661333,8.384868,43620000
2020-03-16,5.985333,7.097333,5.266667,5.318667,5.148898,47341500
2020-03-17,5.32,5.992,4.380667,5.847333,5.66069,73488000
2020-03-18,4.600667,5.264,3.566667,4.333333,4.195016,67953000
2020-03-19,4.215333,5.066,3.85,4.662,4.513192,67534500
2020-03-20,5.220667,5.432667,4.253333,4.263333,4.12725,63204000
2020-03-23,4.533333,4.938667,4.087333,4.66,4.511256,63927000
2020-03-24,5.57,6.266,5.547333,6.249333,6.056705,67669500
2020-03-25,6.363333,7.013333,5.707333,6.004667,5.81958,65236500
2020-03-26,6.469333,7.266667,6.266667,7.205333,6.983238,55215000
2020-03-27,6.478667,6.815333,6.048667,6.096,5.908098,51672000
2020-03-30,6.330667,6.798667,6.157333,6.752,6.543878,39718500
2020-03-31,6.762,7.082667,6.164,6.316,6.121318,50964000
2020-04-01,5.687333,6.156,5.106667,5.294,5.130819,47541000
2020-04-02,5.184,5.797333,5.175333,5.778667,5.600545,43654500
2020-04-03,5.784,5.960667,5.208,5.435333,5.267795,43627500
2020-04-06,6.133333,7.179333,6.126,7.102667,6.883736,51997500
2020-04-07,7.909333,7.979333,6.980667,7.013333,6.797155,79462500
2020-04-08,7.393333,7.802,7.064,7.716,7.478163,50287500
2020-04-09,8.040667,8.229333,6.986,7.21,6.987759,75898500
2020-04-13,7.16,7.523333,6.963333,7.47,7.239746,36957000
2020-04-14,7.992667,8.492667,7.940667,8.462,8.201168,51487500
2020-04-15,7.972667,7.974,7.505333,7.775333,7.535667,37128000
2020-04-16,8.157333,8.434667,7.834,8.347333,8.090036,47277000
2020-04-17,8.856667,8.888,8.266667,8.564,8.300026,47445000
2020-04-20,8.200667,8.566667,8.0,8.011333,7.764393,35502000
2020-04-21,7.642667,7.774,6.767333,6.886,6.673747,60042000
2020-04-22,7.495333,8.183333,7.413333,8.039333,7.79153,37150500
2020-04-23,8.080667,8.336667,7.753333,7.835333,7.593818,42906000
2020-04-24,7.864,8.378,7.626667,8.334,8.077114,34429500
2020-04-27,8.666667,8.917333,8.544,8.670667,8.403403,42303000
2020-04-28,9.132667,9.288,8.502,8.535333,8.272242,55147500
2020-04-29,8.971333,9.85,8.931333,9.76,9.45916,42030000
2020-04-30,9.624667,9.655333,8.668,8.734,8.464786,55264500
2020-05-01,8.133333,8.166667,7.32,7.406667,7.178366,65224500
2020-05-04,7.208667,7.636,7.134,7.614667,7.379954,35217000
2020-05-05,8.050667,8.434667,7.847333,8.000667,7.754056,47706000
2020-05-06,8.266667,8.658,8.214,8.278,8.02284,46401000
2020-05-07,8.712667,8.82,8.386667,8.520667,8.258026,32518500
2020-05-08,8.782667,9.282,8.694,9.265333,8.979739,38311500
2020-05-11,8.962667,9.482667,8.939333,9.24,8.955188,27099000
2020-05-12,9.434667,9.518,8.456667,8.456667,8.195997,34702500
2020-05-13,8.685333,8.74,7.625333,8.001333,7.754702,53503500
2020-05-14,7.813333,8.666667,7.4,8.640667,8.374327,54496500
2020-05-15,7.786667,8.191333,7.64,8.099333,7.849682,55647000
2020-05-18,8.666667,9.35,8.666667,9.232667,8.948082,42394500
2020-05-19,9.186,9.762667,9.107333,9.122,8.840824,40813500
2020-05-20,9.676667,10.313333,9.671333,10.159333,9.846184,39808500
2020-05-21,10.156,10.164667,9.324,9.37,9.08118,37935000
2020-05-22,9.449333,9.532667,9.034,9.506,9.212988,25134000
2020-05-26,10.249333,10.388,9.748667,9.800667,9.498572,41682000
2020-05-27,9.918,10.226667,9.046,10.219333,9.904332,41941500
2020-05-28,10.053333,10.418,9.4,9.548667,9.25434,33565500
2020-05-29,9.677333,10.378,9.566667,10.274,9.957315,38440500
2020-06-01,10.072,10.274,9.866667,10.146667,9.833908,21564000
2020-06-02,10.232,10.8,10.073333,10.8,10.467102,34992000
2020-06-03,11.219333,11.876667,11.219333,11.746667,11.384589,30483000
2020-06-04,11.643333,12.314,11.478,12.056,11.684387,31461000
2020-06-05,12.927333,13.466667,12.826667,12.934,12.535327,26946000
2020-06-08,13.260667,13.260667,12.457333,12.855333,12.459083,25800000
2020-06-09,12.413333,13.01,12.281333,12.877333,12.480404,22317000
2020-06-10,13.153333,13.382667,12.855333,12.996,12.595414,23647500
2020-06-11,12.001333,12.156,10.501333,10.516,10.191854,47562000
2020-06-12,11.492,11.598667,10.259333,10.952,10.614417,35401500
2020-06-15,10.260667,11.462,10.115333,11.432667,11.080268,29254500
2020-06-16,12.406,12.621333,11.432667,12.038667,11.667587,30856500
2020-06-17,12.296,12.668667,12.134,12.372,11.990647,21156000
2020-06-18,12.206667,12.480667,12.102,12.314667,11.935081,13989000
2020-06-19,12.739333,12.86,12.006,12.066667,11.694726,29616000
2020-06-22,12.126667,12.449333,11.708,12.389333,12.007446,19461000
2020-06-23,12.624,12.88,12.421333,12.491333,12.112429,18909000
2020-06-24,12.258,12.484,11.368,11.652,11.298556,31200000
2020-06-25,11.638667,11.991333,11.09,11.938667,11.576529,21685500
2020-06-26,11.8,12.005333,11.158,11.224,10.883539,21492000
2020-06-29,11.248,11.619333,10.834,11.61,11.25783,17931000
2020-06-30,11.746667,12.649333,11.746667,12.547333,12.166732,32251500
2020-07-01,12.555333,12.562,11.989333,12.022667,11.657979,21469500
2020-07-02,12.527333,12.804,12.328667,12.47,12.091745,24289500
2020-07-06,13.105333,13.594667,13.088,13.47,13.061411,21822000
2020-07-07,13.298667,13.613333,12.9,12.972,12.578517,17728500
2020-07-08,13.3,13.533333,12.954667,13.508667,13.098905,14014500
2020-07-09,13.666667,14.292667,13.07,14.046,13.619939,25341000
2020-07-10,14.073333,14.198,13.481333,13.906,13.484184,16764000
2020-07-13,14.492667,14.961333,13.133333,13.212,12.811235,24480000
2020-07-14,12.993333,13.962,12.401333,13.912,13.490001,25491000
2020-07-15,14.2,14.210667,13.133333,13.772667,13.354896,20254500
2020-07-16,13.334,13.765333,13.126667,13.604667,13.191994,13903500
2020-07-17,13.854,14.003333,13.6,13.856667,13.436348,12028500
2020-07-20,13.922,14.774667,13.627333,14.710667,14.264445,16717500
2020-07-21,14.965333,15.035333,14.246,14.399333,13.962553,16822500
2020-07-22,14.533333,14.903333,14.217333,14.572,14.129984,13956000
2020-07-23,14.552,14.940667,13.51,13.893333,13.471901,22534500
2020-07-24,13.158,13.833333,12.630667,13.231333,12.82998,19546500
2020-07-27,13.733333,14.500667,13.715333,14.484667,14.045298,17731500
2020-07-28,14.231333,14.231333,13.553333,13.628,13.214619,20592000
2020-07-29,14.05,14.652667,13.954667,14.510667,14.070508,19687500
2020-07-30,14.310667,15.375333,14.299333,15.36,14.894079,25672500
2020-07-31,15.474,15.475333,14.447333,15.100667,14.642614,26299500
2020-08-03,15.390667,16.077999,15.39,15.999333,15.514022,16984500
2020-08-04,15.926667,16.710667,15.882667,16.686666,16.180506,12100500
2020-08-05,16.634666,16.850668,16.266666,16.653999,16.14883,12822000
2020-08-06,16.537333,16.673332,16.086,16.593332,16.09,10840500
2020-08-07,16.474667,16.733334,15.444,16.029333,15.543111,17872500
2020-08-10,16.124666,16.232668,15.334667,16.039333,15.552807,11625000
2020-08-11,15.994,16.474001,15.383333,15.508,15.03759,15201000
2020-08-12,15.905333,17.155333,15.774667,17.07,16.55221,18397500
2020-08-13,17.077333,17.077333,16.268667,16.511333,16.010494,12742500
2020-08-14,16.653334,17.066,16.308666,16.453333,15.954246,12001500
2020-08-17,16.858667,17.281334,16.779333,17.076,16.558031,11739000
2020-08-18,17.275999,17.374666,16.625999,16.794001,16.284582,11410500
2020-08-19,16.812668,16.931334,16.319332,16.468,15.968472,10309500
2020-08-20,15.979333,16.280666,15.693333,16.039333,15.552807,16498500
2020-08-21,16.045334,16.4,15.766667,16.392668,15.895425,10789500
2020-08-24,16.889334,17.048,16.474667,16.846001,16.335009,11776500
2020-08-25,16.876667,17.391333,16.876667,17.388666,16.86121,11626500
2020-08-26,17.504667,17.719334,17.259333,17.584667,17.051266,11527500
2020-08-27,17.664,17.759333,16.589333,16.899332,16.386721,17893500
2020-08-28,17.005333,17.872667,16.897333,17.856667,17.315012,13989000
2020-08-31,17.840668,18.193333,17.387333,17.806667,17.266529,12093000
2020-09-01,18.126667,18.833332,17.870667,18.809334,18.238785,10255500
2020-09-02,19.628,20.759333,19.121332,20.496668,19.874935,18729000
2020-09-03,19.571333,19.6,16.602667,16.998667,16.483036,37044000
2020-09-04,16.615999,17.363333,14.670667,16.527332,16.026001,26686500
2020-09-08,14.708667,15.612667,14.131333,14.174,13.744056,21556500
2020-09-09,15.209333,15.686667,14.666667,15.346,14.880502,19171500
2020-09-10,15.85,16.079332,14.426667,14.708667,14.262501,19227000
2020-09-11,15.029333,15.475333,14.191333,14.657333,14.212728,14871000
2020-09-14,15.553333,15.854,15.21,15.584,15.111285,11850000
2020-09-15,16.153999,16.686001,16.098,16.385332,15.88831,11725500
2020-09-16,16.591999,16.782,15.833333,15.892,15.409945,10791000
2020-09-17,14.749333,15.971333,14.554667,15.819333,15.339478,14704500
2020-09-18,16.014668,16.202667,14.52,15.082,14.624514,17329500
2020-09-21,14.189333,15.032,13.894,15.009333,14.55405,25779000
2020-09-22,15.357333,15.576667,14.551333,15.553333,15.081549,13864500
2020-09-23,15.464667,15.786667,14.262667,14.395333,13.958676,14178000
2020-09-24,14.094667,15.407333,14.066667,14.816,14.366582,24952500
2020-09-25,14.896,15.55,14.224,15.455333,14.986522,15505500
2020-09-28,16.041332,16.732668,15.762,16.717333,16.210243,15123000
2020-09-29,16.608,17.271999,16.608,16.856667,16.345348,19848000
2020-09-30,16.700666,17.398666,16.6,16.879333,16.367329,20143500
2020-10-01,17.521999,18.078667,17.340668,17.927334,17.383539,18271500
2020-10-02,16.671333,17.452,16.284,16.329332,15.834011,24060000
2020-10-05,16.790667,17.925333,16.768667,17.923332,17.379662,14751000
2020-10-06,17.862667,18.889334,17.400667,17.617332,17.082939,16638000
2020-10-07,18.370667,18.783333,18.350668,18.68,18.113377,13549500
2020-10-08,19.17,19.432667,18.952667,19.328667,18.742361,11172000
2020-10-09,20.019333,20.496,19.923332,20.342667,19.725603,18609000
2020-10-12,21.089333,21.553333,20.801332,21.226,20.582144,15901500
2020-10-13,21.250668,21.676001,20.834,21.200666,20.557575,14068500
2020-10-14,21.338667,21.592667,20.494667,20.864668,20.231771,11320500
2020-10-15,19.800667,20.829332,19.575333,20.700001,20.072102,10518000
2020-10-16,21.212,21.216667,20.364,20.404667,19.785727,8916000
2020-10-19,20.866667,21.262667,19.845333,20.076,19.467026,11283000
2020-10-20,20.360666,20.520666,19.843332,20.011999,19.404968,6909000
2020-10-21,20.155333,20.25,19.549334,19.589333,18.995127,8161500
2020-10-22,19.726,19.920668,18.912666,19.658001,19.06171,9789000
2020-10-23,19.479334,19.479334,18.835333,19.370001,18.782446,6975000
2020-10-26,18.883333,19.133333,17.4,18.132668,17.582644,13960500
2020-10-27,18.516666,18.665333,17.726667,17.945333,17.40099,7834500
2020-10-28,17.074667,17.085333,16.094,16.159332,15.669168,15634500
2020-10-29,16.267332,17.897333,16.132,17.445999,16.916807,10749000
2020-10-30,16.895332,17.184668,16.007334,16.596666,16.093235,11187000
2020-11-02,17.142,17.4,16.424,16.864,16.352459,10897500
2020-11-03,17.333332,18.259333,17.294666,17.867332,17.325357,12472500
2020-11-04,18.963333,19.968666,18.283333,19.74,19.141224,17590500
2020-11-05,21.333332,22.490667,21.326668,22.343332,21.665581,20565000
2020-11-06,22.149332,23.68,21.934,23.492666,22.780056,15370500
2020-11-09,24.962,25.598667,22.554001,22.595333,21.909945,16741500
2020-11-10,21.996,22.292667,20.406668,20.563334,19.939575,16570500
2020-11-11,21.530666,22.912001,21.499332,22.804001,22.112282,11782500
2020-11-12,22.842667,23.093332,21.580667,21.921333,21.25639,11928000
2020-11-13,22.66,23.312,22.278667,22.734667,22.045053,10963500
2020-11-16,23.27,24.446667,23.1,24.411333,23.670856,12468000
2020-11-17,24.156,24.216,23.281334,23.816668,23.094227,9009000
2020-11-18,23.918667,24.454,23.272667,23.311333,22.604218,10455000
2020-11-19,23.233334,24.406,22.680668,24.393333,23.653404,8220000
2020-11-20,24.370667,24.978666,23.908001,23.997334,23.269411,11338500
2020-11-23,24.434,25.292,24.084,25.083332,24.322475,11436000
2020-11-24,25.533333,25.566668,24.309334,25.488667,24.715513,9943500
2020-11-25,25.366667,25.861334,24.912001,25.216,24.45112,6964500
2020-11-27,25.721333,26.605333,25.720667,26.084,25.292786,8937000
2020-11-30,26.236,27.150667,25.268667,27.064667,26.243706,10632000
2020-12-01,27.746,28.932667,27.533333,28.500668,27.636147,12735000
2020-12-02,28.218666,29.101999,28.066668,28.717333,27.846243,7210500
2020-12-03,29.231333,29.686001,28.634001,28.760668,27.888264,7801500
2020-12-04,29.235332,31.193333,28.978666,31.154667,30.209644,10473000
2020-12-07,31.736,31.736,30.688,31.562,30.60462,8889000
2020-12-08,31.450666,32.273335,31.041332,31.959999,30.990545,6286500
2020-12-09,31.606667,32.161331,28.618,29.226667,28.340126,19231500
2020-12-10,28.620001,29.822001,28.134001,29.17,28.285179,11490000
2020-12-11,28.413334,28.859333,27.266666,28.163334,27.309046,13248000
2020-12-14,28.988667,29.683332,28.799999,29.224001,28.337549,10854000
2020-12-15,30.281334,30.687332,29.750668,30.442667,29.519236,7351500
2020-12-16,30.709999,30.722,29.695999,30.375334,29.453949,6372000
2020-12-17,30.919333,30.990667,30.180668,30.538,29.611687,6106500
2020-12-18,30.733334,30.866667,29.557333,30.139334,29.225107,8797500
2020-12-21,29.0,29.694,28.166668,29.546,28.649776,11620500
2020-12-22,29.700666,29.820667,28.754667,29.433332,28.543808,6235500
2020-12-23,29.623333,29.799334,28.783333,28.822001,27.950953,4338000
2020-12-24,29.166668,29.660667,29.029333,29.653999,28.757801,2637000
2020-12-28,30.622,30.733334,29.368,29.485332,28.594236,7542000
2020-12-29,29.866667,29.866667,28.284,29.258667,28.374422,7833000
2020-12-30,29.672001,30.891333,29.6,30.771334,29.841372,7807500
2020-12-31,30.774668,31.183332,30.177334,31.098667,30.158813,5871000
2021-01-04,31.672001,33.654667,29.930668,30.669333,29.742453,17731500
2021-01-05,30.444,32.505333,30.444,32.445999,31.465427,8538000
2021-01-06,31.528,34.160667,31.284,32.207333,31.233973,16782000
2021-01-07,33.646,36.121334,33.615334,35.756668,34.676041,10443000
2021-01-08,37.507332,37.942001,34.629333,35.786667,34.705132,13090500
2021-01-11,34.965332,37.874001,34.933998,37.09,35.969086,9625500
2021-01-12,37.665333,38.758667,36.706001,37.818668,36.675724,10501500
2021-01-13,38.620667,38.933334,37.400002,37.919334,36.773346,6897000
2021-01-14,39.220001,41.612667,39.220001,40.386665,39.166103,11373000
2021-01-15,40.192001,40.313332,37.105331,37.824001,36.680893,16302000
2021-01-19,39.514,41.795334,39.411331,41.666668,40.407429,13351500
2021-01-20,43.163334,43.521332,40.951332,41.319332,40.070587,11220000
2021-01-21,42.388668,43.52,41.097332,43.158669,41.854336,11056500
2021-01-22,42.0,42.476002,40.773998,40.790001,39.557259,12573000
2021-01-25,42.013332,42.139999,38.627335,40.965332,39.727303,12499500
2021-01-26,41.046665,41.046665,39.0,39.055332,37.875011,7641000
2021-01-27,36.866669,37.048668,32.538666,33.144001,32.142326,25056000
2021-01-28,35.000668,36.576668,34.173332,35.133999,34.072197,16110000
2021-01-29,35.337334,35.821335,32.900665,33.400665,32.391235,15256500
2021-02-01,35.085999,37.527332,34.636665,37.348,36.21928,13749000
2021-02-02,39.132668,39.16,37.466667,39.048,37.867905,10789500
2021-02-03,39.466667,39.796665,36.571335,36.632668,35.525562,14184000
2021-02-04,36.336666,37.607334,35.529331,37.537998,36.403542,8400000
2021-02-05,38.333332,38.333332,36.585335,36.722668,35.61285,8242500
2021-02-08,37.461334,40.133331,37.445332,40.133331,38.920433,17278500
2021-02-09,39.636665,40.540001,39.043331,39.622002,38.424564,8659500
2021-02-10,40.666668,41.312,38.376667,39.996666,38.787899,15432000
2021-02-11,40.884666,44.164665,40.884666,44.164665,42.829933,20781000
2021-02-12,43.487999,46.013332,43.004002,45.771999,44.388687,15841500
2021-02-16,47.336666,47.852669,45.810665,46.582001,45.174221,14367000
2021-02-17,45.099998,45.741333,42.138668,44.010666,42.680595,19341000
2021-02-18,42.203335,43.265999,41.020668,42.685333,41.395313,15594000
2021-02-19,44.644669,46.518002,44.223331,45.798668,44.414562,23602500
2021-02-22,44.003334,44.936001,40.18,40.806667,39.573429,22419000
2021-02-23,38.496666,40.743999,35.069332,39.978668,38.770439,27033000
2021-02-24,38.982666,43.833332,38.066666,43.745335,42.423271,17964000
2021-02-25,42.067333,43.009335,35.703335,36.218666,35.124084,35817000
2021-02-26,37.943333,39.700668,35.803333,38.710667,37.540768,29536500
2021-03-01,40.591999,42.557999,39.549999,42.557999,41.271812,24520500
2021-03-02,42.939999,42.990002,38.450001,38.549999,37.384956,19687700
2021-03-03,38.900002,38.990002,34.82,35.009998,33.951942,21749000
2021-03-04,34.830002,35.189999,28.440001,29.98,29.073954,34294300
2021-03-05,32.220001,32.959999,27.73,32.75,31.760233,30945800
2021-03-08,32.709999,32.93,27.5,27.52,26.688301,28761200
2021-03-09,30.34,33.080002,30.0,32.450001,31.469307,19994900
2021-03-10,34.189999,34.189999,30.620001,30.719999,29.79159,19953500
2021-03-11,33.299999,35.040001,32.849998,34.470001,33.428253,19094300
2021-03-12,32.52,33.59,31.85,33.419998,32.409985,17047600
2021-03-15,33.799999,35.630001,33.18,35.57,34.49501,15325300
2021-03-16,36.830002,38.59,36.23,36.98,35.862404,27404900
2021-03-17,35.279999,39.150002,34.509998,38.419998,37.258881,21743500
2021-03-18,36.759998,36.919998,33.450001,33.709999,32.691223,25749000
2021-03-19,34.009998,35.650002,32.380001,34.75,33.699795,20615000
2021-03-22,35.939999,38.200001,35.619999,37.0,35.881794,23763800
2021-03-23,37.369999,37.5,33.509998,34.029999,33.015839,26947000
2021-03-24,35.630001,36.130001,32.549999,32.59,31.618744,26195900
2021-03-25,30.93,33.18,30.1,32.810001,31.832191,30291400
2021-03-26,32.810001,37.740002,32.709999,37.689999,36.56675,35670300
2021-03-29,36.380001,36.91,34.5,35.790001,34.723377,28422700
2021-03-30,35.119999,35.779999,34.279999,35.52,34.46143,17926000
2021-03-31,36.43,38.98,36.349998,38.209999,37.071251,25362500
2021-04-01,40.049999,42.439999,40.049999,42.41,41.146091,27795500
2021-04-05,44.529999,45.299999,42.91,45.0,43.658905,26445800
2021-04-06,44.119999,44.970001,42.07,43.380001,42.087181,17961500
2021-04-07,43.990002,44.0,42.34,43.380001,42.087181,12421800
2021-04-08,44.75,45.0,43.599998,44.790001,43.455162,12957100
2021-04-09,43.830002,44.5,43.130001,44.48,43.154396,10748500
2021-04-12,43.720001,43.790001,41.799999,43.09,41.805832,14926000
2021-04-13,44.0,44.130001,41.57,42.689999,41.417744,14056400
2021-04-14,42.389999,43.470001,40.630001,41.27,40.040066,12838600
2021-04-15,42.349998,43.66,41.619999,43.470001,42.1745,13642000
2021-04-16,43.509998,43.639999,42.48,42.75,41.47596,11016200
2021-04-19,41.77,42.290001,38.25,39.599998,38.419838,20268200
2021-04-20,39.009998,39.529999,37.040001,37.709999,36.586159,13892000
2021-04-21,37.93,40.77,37.34,40.75,39.535561,15160200
2021-04-22,40.369999,40.610001,37.27,37.98,36.848114,20962100
2021-04-23,38.32,40.57,38.299999,40.150002,38.953442,13212600
2021-04-26,40.09,42.459999,40.0,42.209999,40.952049,13528500
2021-04-27,42.779999,42.91,40.959999,41.34,40.107979,12557200
2021-04-28,40.68,40.689999,39.310001,39.419998,38.245205,12753600
2021-04-29,41.200001,41.220001,38.48,40.310001,39.108669,14812500
2021-04-30,38.349998,39.169998,36.560001,36.900002,35.800304,19385800
2021-05-03,37.720001,37.790001,35.080002,35.610001,34.548752,13899900
2021-05-04,34.41,34.450001,32.0,33.970001,32.957619,24428000
2021-05-05,35.07,35.790001,33.75,34.549999,33.520325,16034800
2021-05-06,34.200001,35.400002,33.16,35.400002,34.345009,15387300
2021-05-07,36.509998,37.549999,35.91,36.93,35.829411,16784600
2021-05-10,36.0,36.0,31.879999,31.93,30.978416,25439800
2021-05-11,29.02,32.310001,28.690001,32.110001,31.153053,29951300
2021-05-12,30.1,30.559999,27.809999,28.129999,27.291664,34045700
2021-05-13,29.530001,30.5,28.299999,29.33,28.455904,25520000
2021-05-14,30.49,32.68,29.58,31.93,30.978416,21881300
2021-05-17,30.98,31.1,29.43,31.1,30.173151,19224800
2021-05-18,31.709999,32.080002,30.219999,30.290001,29.387297,15262600
2021-05-19,28.459999,32.169998,28.219999,32.049999,31.094837,29208700
2021-05-20,32.75,34.98,32.669998,34.639999,33.607655,28593200
2021-05-21,35.299999,35.34,33.810001,34.139999,33.122559,25100300
2021-05-24,35.0,37.139999,34.91,36.529999,35.44133,21577500
2021-05-25,37.330002,37.75,36.240002,36.939999,35.839108,19468200
2021-05-26,37.029999,37.68,36.189999,37.18,36.07196,13436700
2021-05-27,36.880001,38.259998,36.709999,37.860001,36.731689,16449400
2021-05-28,38.07,39.27,37.880001,38.779999,37.624275,15891400
2021-06-01,39.52,40.540001,37.740002,38.34,37.197384,18159400
2021-06-02,38.27,39.580002,37.91,39.189999,38.022045,12370500
2021-06-03,37.830002,38.279999,36.52,37.119999,36.013741,16945800
2021-06-04,38.080002,39.990002,38.049999,39.740002,38.555668,15960500
2021-06-07,39.259998,39.439999,38.150002,38.91,37.750401,11453800
2021-06-08,39.799999,39.970001,37.299999,38.169998,37.032455,13475800
2021-06-09,38.560001,38.889999,37.619999,37.700001,36.576462,11721000
2021-06-10,37.799999,39.369999,37.52,39.040001,37.876522,17601900
2021-06-11,39.049999,39.490002,38.57,39.490002,38.313118,7971500
2021-06-14,39.810001,41.169998,39.060001,41.169998,39.943047,18513300
2021-06-15,40.799999,41.599998,39.740002,40.040001,38.846722,13301400
2021-06-16,40.490002,40.889999,38.07,39.18,38.012352,18089300
2021-06-17,38.689999,41.169998,38.650002,40.310001,39.108669,18466200
2021-06-18,39.290001,39.580002,36.75,37.32,36.20779,21346600
2021-06-21,37.549999,38.16,36.59,38.119999,36.983936,12722000
2021-06-22,37.900002,38.830002,37.400002,38.599998,37.449638,10500400
2021-06-23,38.599998,39.630001,38.599998,39.049999,37.88623,8615400
2021-06-24,39.880001,41.23,39.880001,41.080002,39.855728,12716800
2021-06-25,41.169998,41.689999,40.290001,40.66,39.448246,9244100
2021-06-28,41.5,44.080002,41.450001,43.650002,42.34914,18209300
2021-06-29,43.310001,44.689999,42.880001,44.639999,43.309635,13090200
2021-06-30,44.369999,44.73,43.669998,44.540001,43.212612,9830900
2021-07-01,44.150002,44.369999,42.130001,42.57,41.301323,11578200
2021-07-02,43.57,43.700001,42.25,43.32,42.028969,10933300
2021-07-06,43.639999,44.139999,41.360001,43.040001,41.757317,10020300
2021-07-07,43.799999,43.91,40.689999,41.240002,40.010963,10623800
2021-07-08,38.549999,40.380001,37.759998,39.779999,38.594471,14764300
2021-07-09,40.18,41.939999,39.25,41.77,40.525162,9799600
2021-07-12,42.16,43.330002,41.810001,43.330002,42.038673,9021800
2021-07-13,42.75,43.32,42.099998,42.619999,41.349834,9289300
2021-07-14,43.540001,44.790001,41.860001,42.16,40.903538,15361500
2021-07-15,41.790001,41.799999,38.549999,39.419998,38.245205,14968000
2021-07-16,40.029999,40.450001,36.59,36.759998,35.664467,14425600
2021-07-19,35.209999,36.93,34.709999,36.84,35.742088,17527800
2021-07-20,37.240002,39.080002,35.849998,38.34,37.197384,12487200
2021-07-21,38.669998,41.849998,38.599998,41.849998,40.602783,12599700
2021-07-22,40.900002,41.619999,39.900002,40.740002,39.525867,8148900
2021-07-23,41.290001,41.610001,39.950001,41.549999,40.311714,8740400
2021-07-26,40.580002,41.790001,40.580002,41.450001,40.21471,7703500
2021-07-27,40.799999,40.849998,36.709999,39.150002,37.98325,17917400
2021-07-28,39.540001,41.5,39.02,41.18,39.952747,12983000
2021-07-29,41.23,43.689999,41.23,43.450001,42.155098,15318400
2021-07-30,42.189999,44.5,42.07,44.389999,43.067078,13599200
2021-08-02,45.189999,46.889999,44.880001,45.209999,43.862644,17018600
2021-08-03,45.290001,45.98,43.610001,45.970001,44.599995,10801400
2021-08-04,46.16,48.150002,46.049999,47.610001,46.191124,13768900
2021-08-05,48.169998,48.189999,46.439999,47.169998,45.764225,8580700
2021-08-06,46.330002,47.27,46.200001,46.630001,45.24033,6202000
2021-08-09,46.900002,47.27,45.540001,46.150002,44.774632,5943700
2021-08-10,46.369999,46.57,43.5,44.450001,43.125298,9994500
2021-08-11,45.060001,45.119999,42.43,44.169998,42.853634,10016600
2021-08-12,43.439999,43.5,41.560001,42.619999,41.349834,9746100
2021-08-13,42.5,43.599998,42.290001,43.48,42.184208,7655800
2021-08-16,42.91,43.43,41.93,43.009998,41.728214,6658600
2021-08-17,41.93,41.950001,39.34,40.459999,39.254204,13983700
2021-08-18,40.290001,40.959999,38.580002,38.66,37.507851,10760100
2021-08-19,38.18,40.259998,37.139999,39.630001,38.44894,14855300
2021-08-20,39.959999,40.75,39.009998,40.43,39.22509,10732300
2021-08-23,41.400002,43.790001,41.400002,43.689999,42.387939,12229000
2021-08-24,43.98,44.439999,43.380001,43.73,42.426754,8557100
2021-08-25,44.18,45.650002,44.110001,44.779999,43.445454,10125800
2021-08-26,44.52,45.330002,43.709999,44.68,43.348434,9529400
2021-08-27,44.849998,47.5,44.689999,47.299999,45.890358,12358300
2021-08-30,47.779999,49.0,47.130001,47.740002,46.317249,10291100
2021-08-31,47.77,47.970001,45.369999,46.549999,45.162708,9620800
2021-09-01,47.23,47.299999,45.830002,45.959999,44.590298,7246900
2021-09-02,46.349998,46.720001,45.700001,46.299999,44.92017,7168600
2021-09-03,46.139999,47.849998,45.959999,47.240002,45.832153,7374000
2021-09-07,47.360001,47.41,45.919998,46.77,45.37616,5660800
2021-09-08,46.099998,46.369999,43.759998,44.950001,43.61039,11787400
2021-09-09,44.91,46.259998,44.889999,45.549999,44.192513,8643000
2021-09-10,46.639999,48.630001,46.509998,46.59,45.201519,14399600
2021-09-13,47.799999,48.169998,45.93,47.869999,46.443375,11356400
2021-09-14,48.400002,48.970001,47.139999,47.869999,46.443375,10129200
2021-09-15,48.060001,48.700001,46.759998,48.59,47.141914,9321800
2021-09-16,47.740002,49.529999,47.02,49.07,47.607609,9094400
2021-09-17,48.639999,48.650002,45.970001,46.75,45.356754,14478900
2021-09-20,43.75,44.200001,41.16,43.299999,42.00956,19454600
2021-09-21,44.040001,44.52,42.349998,43.599998,42.300621,9972400
2021-09-22,44.459999,46.57,44.009998,46.259998,44.881344,11093200
2021-09-23,46.889999,48.549999,46.419998,48.099998,46.666515,11819600
2021-09-24,46.860001,48.23,46.779999,47.950001,46.520992,7465000
2021-09-27,46.52,48.18,45.560001,47.689999,46.268734,10241300
2021-09-28,44.900002,45.790001,42.049999,42.23,40.971455,23988000
2021-09-29,42.560001,42.68,39.779999,40.119999,38.924335,19889700
2021-09-30,41.060001,41.950001,40.0,40.040001,38.846722,14470200
2021-10-01,40.5,40.700001,38.060001,40.07,38.875824,16368700
2021-10-04,39.310001,39.52,36.57,37.02,35.916725,20555400
2021-10-05,37.599998,39.389999,37.259998,38.650002,37.498146,15194100
2021-10-06,37.32,39.139999,36.919998,39.060001,37.895924,16403200
2021-10-07,40.529999,42.029999,40.27,40.389999,39.186287,13234300
2021-10-08,40.900002,41.07,39.080002,39.330002,38.157887,10297000
2021-10-11,38.759998,40.389999,38.360001,38.380001,37.236195,9446400
2021-10-12,39.209999,39.310001,36.470001,37.049999,35.945831,19847400
2021-10-13,37.700001,38.299999,37.240002,37.650002,36.52795,11660600
2021-10-14,39.639999,41.080002,39.34,41.049999,39.826626,14800900
2021-10-15,42.029999,42.290001,41.299999,41.84,40.593075,10988500
2021-10-18,41.139999,42.970001,40.439999,42.860001,41.582687,8498200
2021-10-19,43.110001,44.48,42.630001,44.43,43.105888,11476200
2021-10-20,44.130001,44.73,43.630001,44.200001,42.882744,9908200
2021-10-21,43.330002,45.720001,43.299999,45.59,44.231323,10019700
2021-10-22,44.84,46.23,43.77,44.049999,42.737209,12691700
2021-10-25,44.599998,45.669998,44.16,45.060001,43.717113,9706700
2021-10-26,46.02,46.450001,44.540001,44.959999,43.620094,12067800
2021-10-27,44.23,45.610001,43.560001,44.09,42.776024,13076300
2021-10-28,45.84,47.099998,45.57,47.0,45.599304,15904400
2021-10-29,45.970001,47.650002,45.619999,47.650002,46.229927,12735000
2021-11-01,47.790001,49.959999,47.450001,49.959999,48.471081,14647400
2021-11-02,49.82,51.82,49.810001,51.82,50.27565,12421100
2021-11-03,52.07,53.810001,51.419998,53.669998,52.070522,11472200
2021-11-04,55.419998,59.830002,54.57,59.080002,57.319286,20539200
2021-11-05,60.040001,62.400002,59.209999,60.91,59.094753,19536100
2021-11-08,62.099998,64.709999,61.490002,63.540001,61.646374,15603900
2021-11-09,65.269997,65.629997,61.41,63.400002,61.510548,16385900
2021-11-10,60.049999,62.5,57.07,57.950001,56.222969,17648300
2021-11-11,60.720001,61.990002,59.369999,61.639999,59.80299,13055700
2021-11-12,62.220001,64.25,61.169998,63.349998,61.462036,13052700
2021-11-15,64.730003,64.739998,61.259998,63.200001,61.316505,11837400
2021-11-16,62.380001,66.43,62.009998,66.150002,64.178604,12693000
2021-11-17,66.0,66.129997,63.700001,64.519997,62.597153,11636600
2021-11-18,67.870003,68.900002,66.029999,67.980003,65.954041,14102700
2021-11-19,67.860001,69.870003,66.879997,68.610001,66.565269,14527400
2021-11-22,69.540001,72.489998,65.230003,65.43,63.480049,16809800
2021-11-23,64.830002,66.610001,61.349998,64.739998,62.810608,16233700
2021-11-24,62.990002,66.900002,61.209999,66.879997,64.886833,14762200
2021-11-26,63.099998,64.980003,59.849998,61.369999,59.541046,14919700
2021-11-29,63.950001,68.68,63.220001,68.410004,66.371246,18352700
2021-11-30,67.279999,69.339996,62.889999,64.669998,62.742695,22246300
2021-12-01,67.540001,70.959999,63.049999,63.16,61.277695,24798700
2021-12-02,61.259998,64.739998,59.68,63.25,61.365005,21014200
2021-12-03,65.900002,67.949997,60.700001,62.93,61.054558,18842800
2021-12-06,62.060001,63.290001,56.779999,62.599998,60.73439,13816300
2021-12-07,66.760002,72.519997,66.720001,71.989998,69.844551,21654500
2021-12-08,70.93,71.199997,68.489998,70.690002,68.583275,12500700
2021-12-09,69.43,71.589996,65.660004,65.900002,63.93605,14533000
2021-12-10,69.459999,70.449997,65.169998,67.599998,65.585373,12329100
2021-12-13,68.019997,68.709999,62.0,62.34,60.482136,13561500
2021-12-14,60.0,62.369999,58.939999,61.52,59.686577,13311200
2021-12-15,61.84,68.339996,59.240002,68.120003,66.08989,19005700
2021-12-16,69.010002,69.5,58.02,59.23,57.464817,27692100
2021-12-17,57.34,61.580002,56.860001,58.959999,57.202862,17729000
2021-12-20,56.139999,58.759998,55.470001,57.549999,55.834885,15681400
2021-12-21,61.169998,63.689999,58.77,63.5,61.622555,20477000
2021-12-22,62.470001,65.529999,61.610001,65.379997,63.446968,13011600
2021-12-23,66.0,68.75,65.919998,67.410004,65.416946,14507000
2021-12-27,68.099998,73.0,68.0,72.989998,70.83197,15598000
2021-12-28,74.07,74.07,69.57,70.519997,68.43499,14401800
2021-12-29,70.419998,72.230003,69.599998,71.0,68.900787,10702000
2021-12-30,70.5,71.339996,67.889999,68.360001,66.338875,11188200
2021-12-31,68.699997,70.099998,67.830002,68.010002,65.999199,10152000
2022-01-03,69.050003,72.110001,68.389999,72.099998,69.968292,15794800
2022-01-04,72.580002,74.209999,66.040001,71.07,68.968742,21988000
2022-01-05,69.589996,71.419998,63.939999,64.010002,62.117481,20821000
2022-01-06,64.089996,66.389999,61.849998,65.540001,63.602238,19343100
2022-01-07,65.080002,66.050003,59.139999,59.740002,57.973724,22625900
2022-01-10,57.34,60.189999,53.82,60.0,58.226036,25112700
2022-01-11,59.09,63.439999,57.880001,63.290001,61.418766,22053900
2022-01-12,64.989998,66.400002,62.639999,64.580002,62.670616,19392000
2022-01-13,67.5,69.18,59.580002,60.200001,58.420116,28866500
2022-01-14,58.759998,64.540001,58.560001,64.480003,62.573593,23880600
2022-01-18,60.91,61.380001,55.5,55.98,54.324886,29055200
2022-01-19,57.48,58.16,50.73,50.82,49.317448,28683300
2022-01-20,52.119999,53.200001,45.810001,45.990002,44.63026,32438800
2022-01-21,45.220001,48.93,43.400002,43.709999,42.417667,45826500
2022-01-24,41.0,45.48,36.619999,45.450001,44.10622,53548700
2022-01-25,41.77,43.349998,39.380001,40.189999,39.00174,40326300
2022-01-26,43.779999,47.099998,40.099998,42.119999,40.874672,46405000
2022-01-27,43.400002,43.450001,36.0,36.360001,35.284985,50033700
2022-01-28,36.369999,38.41,33.099998,38.41,37.274364,43946700
2022-01-31,38.990002,44.75,38.299999,44.580002,43.261944,39362500
2022-02-01,45.889999,46.099998,42.290001,45.91,44.552612,37795600
2022-02-02,48.470001,49.5,46.459999,49.34,47.88121,40548600
2022-02-03,45.580002,47.799999,42.150002,42.630001,41.369595,32875300
2022-02-04,42.080002,44.52,40.369999,43.459999,42.175056,30575600
2022-02-07,43.639999,45.52,42.860001,43.41,42.126537,28382000
2022-02-08,42.75,46.880001,42.540001,46.599998,45.222214,33686800
2022-02-09,48.43,51.23,46.709999,51.02,49.511539,35302800
2022-02-10,47.580002,52.209999,45.580002,46.419998,45.047539,51371000
2022-02-11,46.560001,47.650002,38.419998,39.540001,38.370956,51212800
2022-02-14,39.75,41.849998,37.860001,39.59,38.419476,43218400
2022-02-15,41.900002,46.290001,41.669998,46.009998,44.64967,39910800
2022-02-16,44.07,46.5,43.040001,46.099998,44.737,35357600
2022-02-17,44.119999,44.389999,40.669998,40.869999,39.66164,41858900
2022-02-18,41.139999,41.349998,37.77,39.630001,38.458294,46904100
2022-02-22,38.23,41.560001,36.830002,38.610001,37.468456,49765600
2022-02-23,40.07,41.299999,35.630001,35.91,34.848289,52830600
2022-02-24,31.809999,40.049999,31.549999,39.939999,38.75914,68362100
2022-02-25,40.0,41.84,38.16,41.779999,40.544727,40949000
2022-02-28,40.200001,42.23,38.560001,41.009998,39.797489,43350600
2022-03-01,40.779999,41.299999,35.349998,36.580002,35.498474,46635000
2022-03-02,37.470001,40.880001,37.23,40.119999,38.933811,41485400
2022-03-03,40.650002,40.869999,36.82,37.549999,36.439793,45902800
2022-03-04,36.630001,37.419998,33.360001,34.77,33.741985,46799000
2022-03-07,34.82,35.599998,29.5,29.58,28.705437,50665800
2022-03-08,29.67,34.34,28.48,31.16,30.238722,68456500
2022-03-09,34.119999,35.66,33.07,34.93,33.897263,46482400
2022-03-10,33.07,33.200001,30.799999,32.75,31.78171,43831500
2022-03-11,34.16,34.419998,30.5,30.690001,29.782614,34118300
2022-03-14,30.01,30.85,27.299999,27.91,27.084812,49351500
2022-03-15,28.450001,31.719999,28.01,31.51,30.578373,42082900
2022-03-16,33.040001,36.400002,32.060001,36.299999,35.226753,55754000
2022-03-17,35.25,37.0,34.32,36.950001,35.857536,37147500
2022-03-18,36.610001,39.669998,35.599998,39.169998,38.011894,39797700
2022-03-21,38.700001,39.970001,36.880001,39.0,37.846924,38312100
2022-03-22,38.790001,41.02,38.630001,39.59,38.426369,34654100
2022-03-23,38.509998,39.990002,36.59,36.689999,35.611614,38313200
2022-03-24,37.82,42.25,37.299999,42.09,40.85289,44687200
2022-03-25,42.07,42.369999,39.75,42.009998,40.775242,36316000
2022-03-28,41.200001,42.810001,39.32,42.709999,41.454674,35741000
2022-03-29,44.84,46.0,43.110001,45.580002,44.240322,40148500
2022-03-30,44.709999,45.200001,40.68,41.349998,40.134632,38435700
2022-03-31,41.259998,41.84,38.419998,38.779999,37.640182,38547400
2022-04-01,39.07,39.330002,34.619999,36.290001,35.223373,57428500
2022-04-04,36.580002,38.220001,36.169998,37.959999,36.844276,28200500
2022-04-05,37.09,37.240002,32.529999,32.880001,31.913597,57649600
2022-04-06,30.85,32.099998,29.559999,30.51,29.613253,69146900
2022-04-07,30.25,31.42,28.66,30.51,29.613253,55657300
2022-04-08,29.860001,29.959999,28.15,28.290001,27.458504,71608900
2022-04-11,27.040001,27.709999,26.34,26.49,25.711405,60558200
2022-04-12,28.040001,28.84,25.860001,26.24,25.468754,66793200
2022-04-13,26.77,28.540001,26.309999,28.030001,27.206148,50484000
2022-04-14,28.549999,28.620001,25.540001,25.610001,24.857275,51193200
2022-04-18,25.26,27.67,25.16,26.98,26.18701,49251700
2022-04-19,26.68,28.889999,26.219999,28.75,27.904985,45358800
2022-04-20,30.07,30.85,28.24,28.5,27.662333,51891900
2022-04-21,29.6,30.57,25.809999,26.209999,25.439636,53808500
2022-04-22,26.1,26.559999,24.370001,24.450001,23.731371,57459200
2022-04-25,23.889999,25.76,23.68,25.67,24.91551,58210600
2022-04-26,24.709999,24.9,22.35,22.43,21.770742,55039200
2022-04-27,21.620001,23.59,21.48,21.950001,21.304852,52406400
2022-04-28,23.200001,26.299999,22.4,25.58,24.828156,63555800
2022-04-29,24.299999,25.950001,22.1,22.24,21.586321,48104400
2022-05-02,22.379999,24.549999,21.809999,24.5,23.779903,57669900
2022-05-03,24.33,25.68,23.75,25.110001,24.371969,53115700
2022-05-04,25.690001,28.139999,23.299999,28.02,27.196444,77054200
2022-05-05,26.530001,26.620001,22.75,23.99,23.284889,64302700
2022-05-06,23.24,24.870001,21.940001,23.35,22.663702,73607500
2022-05-09,21.82,22.6,19.32,19.719999,19.14039,72482100
2022-05-10,21.450001,22.15,19.719999,21.09,20.470125,72934500
2022-05-11,20.530001,22.0,18.969999,19.15,18.587145,76546000
2022-05-12,18.51,19.99,17.959999,19.41,18.839504,79889100
2022-05-13,20.57,22.91,20.18,22.49,21.828976,65885900
2022-05-16,21.860001,22.51,21.200001,21.370001,20.741894,49300800
2022-05-17,23.08,24.74,22.84,24.58,23.857552,65619700
2022-05-18,23.4,24.35,20.530001,20.85,20.237183,61497800
2022-05-19,20.549999,22.040001,19.9,20.51,19.907175,62522000
2022-05-20,21.540001,21.65,17.66,20.360001,19.761583,86718200
2022-05-23,19.93,20.83,19.450001,20.629999,20.023645,54498700
2022-05-24,19.690001,19.879999,18.440001,19.1,18.538614,57291400
2022-05-25,18.73,20.719999,18.719999,20.190001,19.596575,54536300
2022-05-26,19.610001,22.83,19.48,22.540001,21.877506,60520000
2022-05-27,23.6,25.440001,23.59,25.26,24.517561,54680400
2022-05-31,25.139999,25.6,23.75,24.860001,24.129318,48671900
2022-06-01,25.34,25.719999,22.709999,23.709999,23.013117,52378500
2022-06-02,23.4,26.280001,23.299999,26.200001,25.429935,49439000
2022-06-03,24.549999,24.950001,23.5,23.93,23.226652,42093200
2022-06-06,25.25,25.58,23.48,23.91,23.207245,40514000
2022-06-07,23.02,24.74,22.540001,24.6,23.876961,37067500
2022-06-08,24.16,24.459999,22.42,22.91,22.236633,38501600
2022-06-09,22.389999,23.559999,21.030001,21.09,20.470125,37937200
2022-06-10,19.98,20.51,18.66,18.809999,18.257137,58924000
2022-06-13,16.93,17.41,15.34,15.55,15.092955,77061300
2022-06-14,16.01,16.219999,15.21,15.76,15.296782,52253400
2022-06-15,16.35,17.43,15.47,16.610001,16.121805,77001800
2022-06-16,15.14,15.19,12.99,13.57,13.17115,90753100
2022-06-17,13.65,14.02,12.78,13.7,13.297332,64012800
2022-06-21,14.54,15.43,14.49,14.8,14.365001,57522800
2022-06-22,14.04,14.97,13.94,14.29,13.887817,49362200
2022-06-23,14.58,14.59,13.34,14.01,13.6157,47625300
2022-06-24,14.64,15.85,14.57,15.81,15.365037,60548200
2022-06-27,16.309999,16.459999,15.37,15.8,15.355322,43426900
2022-06-28,16.0,16.58,14.52,14.56,14.150219,56957600
2022-06-29,14.0,14.04,13.03,13.55,13.168648,61516700
2022-06-30,13.03,13.83,12.38,13.1,12.731311,70274900
2022-07-01,12.49,12.6,11.13,11.6,11.273526,92067100
2022-07-05,10.74,11.9,10.53,11.85,11.516489,82942200
2022-07-06,11.92,12.5,11.52,12.09,11.749736,77177800
2022-07-07,12.91,13.89,12.91,13.71,13.324142,75926300
2022-07-08,13.13,14.17,12.96,13.91,13.518515,77437200
2022-07-11,13.25,13.45,12.65,12.91,12.546659,52520600
2022-07-12,13.18,13.45,12.72,12.97,12.604969,53368400
2022-07-13,12.18,13.56,12.13,13.29,12.915962,70014100
2022-07-14,13.17,14.26,12.54,14.07,13.674011,78227900
2022-07-15,14.75,15.15,14.04,15.11,14.68474,74112400
2022-07-18,15.83,16.18,14.63,14.92,14.500088,83926600
2022-07-19,15.61,17.17,15.5,16.950001,16.472958,78348500
2022-07-20,16.83,18.440001,16.5,18.200001,17.687771,85890600
2022-07-21,18.52,19.120001,17.68,19.1,18.562445,80210800
2022-07-22,18.84,18.91,17.15,17.65,17.153254,65689500
2022-07-25,17.23,17.370001,16.43,17.299999,16.813103,43336800
2022-07-26,16.93,17.24,16.25,16.43,15.967589,48959700
2022-07-27,17.32,19.120001,17.17,18.73,18.202856,78797600
2022-07-28,18.860001,19.52,17.58,19.370001,18.824846,69548100
2022-07-29,18.57,19.99,18.32,19.83,19.2719,61313500
2022-08-01,19.41,20.610001,19.030001,20.01,19.446838,61205100
2022-08-02,19.43,20.870001,19.110001,19.92,19.359364,60816500
2022-08-03,19.98,21.719999,19.870001,21.549999,20.943491,57214600
2022-08-04,21.469999,22.27,21.219999,22.07,21.448854,56294600
2022-08-05,20.959999,22.120001,20.57,21.559999,20.953209,60067800
2022-08-08,20.65,21.389999,19.57,20.540001,19.96192,59477700
2022-08-09,19.23,19.23,16.91,17.690001,17.192123,65153600
2022-08-10,19.08,20.02,18.389999,19.91,19.349648,69125300
2022-08-11,20.469999,21.6,19.68,19.780001,19.223305,70069200
2022-08-12,20.24,21.719999,19.98,21.6,20.992081,57238400
2022-08-15,21.24,21.969999,20.799999,21.780001,21.167017,48991600
2022-08-16,21.48,21.74,20.389999,21.139999,20.545029,48777200
2022-08-17,20.18,20.200001,18.709999,19.549999,18.999775,67988800
2022-08-18,19.719999,21.360001,19.5,20.889999,20.302065,50790800
2022-08-19,20.059999,20.379999,18.889999,19.17,18.630474,49700800
2022-08-22,18.1,18.15,16.77,17.040001,16.560421,51389400
2022-08-23,17.08,18.059999,17.01,17.33,16.842262,49723200
2022-08-24,17.25,17.59,16.77,17.41,16.92001,42087500
2022-08-25,17.459999,19.379999,17.42,19.32,18.776253,58659800
2022-08-26,19.25,19.33,15.95,15.98,15.530254,84676900
2022-08-29,15.48,16.049999,14.95,15.05,14.626429,61062700
2022-08-30,15.5,15.57,13.96,14.47,14.062752,77063100
2022-08-31,14.69,14.7,13.66,14.04,13.644855,86870500
2022-09-01,13.03,13.26,11.97,13.22,12.847934,113345600
2022-09-02,13.84,14.14,12.63,12.86,12.498063,100737200
2022-09-06,12.91,13.03,12.07,12.42,12.070448,79919100
2022-09-07,12.42,13.32,12.23,12.99,12.624405,79632700
2022-09-08,12.64,13.8,12.37,13.65,13.265829,103258300
2022-09-09,14.26,14.85,14.19,14.65,14.237687,81908900
2022-09-12,14.83,15.05,14.3,14.78,14.36403,67153300
2022-09-13,13.15,13.49,11.95,12.09,11.749736,85975600
2022-09-14,12.28,12.74,11.94,12.46,12.109324,65846900
2022-09-15,12.23,12.67,11.59,11.91,11.5748,94630600
2022-09-16,11.47,12.1,11.18,12.06,11.72058,87622100
2022-09-19,11.62,12.44,11.57,12.26,11.914951,75532200
2022-09-20,11.85,12.04,11.43,11.7,11.407932,70577400
2022-09-21,11.76,12.92,11.38,11.4,11.115422,125021300
2022-09-22,11.17,11.32,10.25,10.51,10.247637,112096100
2022-09-23,10.07,10.14,9.45,10.03,9.77962,120047000
2022-09-26,9.91,10.36,9.5,9.55,9.311603,96464800
2022-09-27,10.04,10.28,9.39,9.81,9.565113,115839400
2022-09-28,9.57,10.35,9.45,10.17,9.916125,119412700
2022-09-29,9.7,9.74,8.8,9.29,9.058092,128122600
2022-09-30,8.9,9.61,8.74,8.86,8.638827,109534300
2022-10-03,9.09,10.0,8.88,9.7,9.457857,126786100
2022-10-04,10.58,11.1,10.54,11.04,10.764408,114533100
2022-10-05,10.53,11.66,10.21,11.42,11.13492,110030200
2022-10-06,11.29,11.92,11.05,11.19,10.910664,117138000
2022-10-07,10.18,10.28,9.0,9.21,8.98009,134873300
2022-10-10,9.07,9.09,7.86,8.28,8.073304,163448700
2022-10-11,7.81,8.02,7.2,7.57,7.38103,186475200
2022-10-12,7.49,7.62,7.23,7.34,7.156771,110516500
2022-10-13,6.42,8.36,6.21,8.0,7.800296,284532700
2022-10-14,8.26,8.27,6.87,6.93,6.757006,177216100
2022-10-17,7.47,7.67,7.2,7.33,7.14702,113321500
2022-10-18,8.04,8.21,7.04,7.4,7.215273,185506400
2022-10-19,7.27,7.8,7.2,7.57,7.38103,134272400
2022-10-20,7.7,8.42,7.59,7.7,7.507784,170614600
2022-10-21,7.65,8.64,7.55,8.58,8.365817,178616600
2022-10-24,8.64,8.81,8.08,8.68,8.463321,147205700
2022-10-25,8.8,9.47,8.75,9.26,9.028842,127146900
2022-10-26,8.74,9.67,8.55,9.01,8.785083,143571600
2022-10-27,9.16,9.44,8.48,8.52,8.307314,129662300
2022-10-28,8.56,9.56,8.49,9.5,9.262851,129291600
2022-10-31,9.3,9.35,8.75,8.92,8.69733,118351000
2022-11-01,9.41,9.52,8.94,9.1,8.872835,108638200
2022-11-02,9.27,9.77,8.2,8.24,8.034305,174985600
2022-11-03,7.78,8.29,7.53,7.89,7.693041,135668700
2022-11-04,8.72,9.06,8.42,8.99,8.76558,173041700
2022-11-07,9.27,9.69,8.88,9.59,9.350605,105846700
2022-11-08,10.11,10.56,9.61,10.17,9.916125,147373300
2022-11-09,9.74,9.82,9.18,9.24,9.00934,107444900
2022-11-10,10.8,12.17,10.56,12.08,11.778446,196270300
2022-11-11,12.28,13.41,11.83,13.22,12.88999,166468400
2022-11-14,12.99,13.51,12.73,12.77,12.451221,108739600
2022-11-15,14.34,14.44,13.31,13.87,13.523762,159797700
2022-11-16,12.93,12.99,11.87,12.13,11.827199,112310400
2022-11-17,11.34,12.58,11.31,12.37,12.061207,128795400
2022-11-18,12.99,13.03,12.07,12.49,12.17821,117064100
2022-11-21,12.07,12.2,11.74,11.89,11.593188,84238200
2022-11-22,12.14,12.94,11.85,12.9,12.577977,86949600
2022-11-23,12.9,13.75,12.84,13.32,12.987489,113790600
2022-11-25,13.13,13.26,12.83,12.86,12.538974,41754500
2022-11-28,12.36,12.76,11.6,11.84,11.544437,87803100
2022-11-29,11.95,12.18,11.5,11.73,11.437182,75056000
2022-11-30,11.84,13.85,11.52,13.82,13.47501,133385800
2022-12-01,14.09,14.13,12.94,13.5,13.162997,112133900
2022-12-02,12.49,13.13,12.3,13.03,12.704731,98017700
2022-12-05,12.8,13.16,12.2,12.59,12.275716,71095100
2022-12-06,12.54,12.6,11.38,11.72,11.427431,86923400
2022-12-07,11.41,11.93,11.33,11.7,11.407932,86276700
2022-12-08,11.89,12.72,11.65,12.62,12.304965,101888300
2022-12-09,12.49,12.99,12.18,12.32,12.012454,88787400
2022-12-12,12.14,13.01,11.94,12.98,12.65598,73482200
2022-12-13,14.72,14.91,13.14,13.63,13.289751,180078900
2022-12-14,13.51,14.03,12.54,13.0,12.67548,139612300
2022-12-15,12.23,12.38,11.32,11.4,11.115422,107181700
2022-12-16,11.2,11.48,10.77,11.11,10.832661,88813800
2022-12-19,11.12,11.15,10.35,10.69,10.423144,82876800
2022-12-20,10.25,10.75,10.16,10.41,10.186343,88304000
2022-12-21,10.63,11.27,10.6,11.14,10.90066,83240400
2022-12-22,10.54,10.56,9.11,9.78,9.569878,135617300
2022-12-23,9.59,9.81,9.23,9.77,9.560095,92378600
2022-12-27,9.58,9.59,9.13,9.27,9.070838,78142100
2022-12-28,9.1,9.43,8.74,8.86,8.669646,83917300
2022-12-29,9.28,9.83,9.18,9.67,9.462242,90966000
2022-12-30,9.27,9.7,9.06,9.67,9.462242,64369800
2023-01-03,10.17,10.21,9.19,9.36,9.158903,97509800
2023-01-04,9.88,10.27,9.58,10.07,9.853647,114576600
2023-01-05,9.8,10.0,9.53,9.57,9.364391,83312800
2023-01-06,9.95,11.07,9.56,10.87,10.636461,123492600
2023-01-09,11.53,12.27,11.28,11.53,11.282281,136968300
2023-01-10,11.38,11.99,11.19,11.97,11.712827,90401400
2023-01-11,11.98,12.43,11.65,12.4,12.133589,80469400
2023-01-12,12.59,13.08,11.82,12.82,12.544564,135343400
2023-01-13,12.37,13.0,12.27,12.95,12.671771,74389800
2023-01-17,12.88,13.43,12.67,13.06,12.779409,74500500
2023-01-18,13.45,13.76,12.81,12.82,12.544564,82050400
2023-01-19,12.48,12.52,11.62,11.77,11.517125,99618400
2023-01-20,12.11,12.86,11.75,12.79,12.515211,89921600
2023-01-23,13.18,14.91,13.13,14.74,14.423316,125178200
2023-01-24,14.29,14.85,14.16,14.44,14.129762,75816000
2023-01-25,13.71,14.63,13.33,14.53,14.217827,93424800
2023-01-26,15.02,15.3,14.3,15.24,14.912572,111443300
2023-01-27,14.5,15.36,14.35,14.98,14.658159,101402600
2023-01-30,14.35,14.62,13.73,13.8,13.503511,81286700
2023-01-31,13.67,14.55,13.64,14.52,14.208041,97363300
2023-02-01,14.73,17.280001,14.68,16.799999,16.439054,150219900
2023-02-02,17.33,18.4,17.01,17.92,17.53499,116420900
2023-02-03,16.780001,18.129999,16.6,16.93,16.566263,94867600
2023-02-06,16.120001,16.860001,15.86,16.1,15.754096,77254800
2023-02-07,16.219999,17.85,16.129999,17.59,17.212086,119100900
2023-02-08,17.33,17.690001,16.35,16.49,16.135717,72392900
2023-02-09,17.33,17.9,16.209999,16.58,16.223783,84793400
2023-02-10,16.059999,16.219999,15.25,15.8,15.460541,78447700
2023-02-13,15.99,16.620001,15.57,16.42,16.067221,60332300
2023-02-14,16.059999,17.530001,15.67,17.33,16.957672,111460800
2023-02-15,16.809999,17.59,16.43,17.540001,17.163158,74638200
2023-02-16,16.65,17.17,16.18,16.280001,15.93023,81774100
2023-02-17,15.98,16.120001,15.04,15.5,15.166986,82871000
2023-02-21,14.79,15.31,13.89,14.01,13.709,68114400
2023-02-22,14.11,14.41,13.54,13.83,13.532866,70471500
2023-02-23,15.13,15.34,14.28,15.08,14.75601,94198000
2023-02-24,14.29,14.54,13.96,14.31,14.002554,74689200
2023-02-27,14.96,15.01,14.5,14.5,14.188472,61896900
2023-02-28,14.4,15.27,14.31,14.65,14.335249,59300500
2023-03-01,14.81,15.22,14.48,14.68,14.364605,63832600
2023-03-02,14.01,15.24,13.66,15.01,14.687514,73485400
2023-03-03,15.05,15.77,14.65,15.68,15.34312,72055200
2023-03-06,15.83,16.25,15.04,15.17,14.844078,56252700
2023-03-07,15.19,15.42,14.49,14.65,14.335249,66744300
2023-03-08,14.86,15.9,14.85,15.81,15.470325,71670200
2023-03-09,15.75,16.540001,14.8,14.91,14.589661,87945700
2023-03-10,15.11,15.25,13.81,14.05,13.748138,128656300
2023-03-13,13.61,14.54,13.15,14.02,13.718785,121199400
2023-03-14,14.76,15.54,14.54,15.22,14.893003,107012500
2023-03-15,14.6,14.85,13.75,14.69,14.37439,126199700
2023-03-16,14.48,16.52,14.3,16.42,16.067221,108646600
2023-03-17,16.49,16.9,15.83,16.129999,15.783448,79179200
2023-03-20,16.139999,16.790001,15.78,16.610001,16.253139,62536400
2023-03-21,17.01,17.530001,15.94,16.67,16.336435,76051300
2023-03-22,16.68,18.02,16.200001,16.24,15.915042,95075000
2023-03-23,17.02,18.17,16.629999,17.49,17.140028,97514400
2023-03-24,17.1,17.219999,16.040001,16.57,16.238441,90583300
2023-03-27,16.76,16.92,15.81,15.97,15.650445,64605200
2023-03-28,15.87,15.88,14.9,15.63,15.317247,75621600
2023-03-29,16.34,17.469999,16.299999,17.08,16.738235,90012500
2023-03-30,17.76,18.290001,17.58,17.950001,17.590824,80622200
2023-03-31,17.559999,18.34,17.43,18.299999,17.933823,68287500
2023-04-03,17.92,18.16,17.129999,17.809999,17.45363,57147300
2023-04-04,17.870001,17.9,16.51,16.790001,16.454037,64093400
2023-04-05,16.25,16.309999,15.38,15.92,15.601445,86953300
2023-04-06,15.45,16.01,15.09,15.66,15.346649,65901100
2023-04-10,15.22,16.5,15.14,16.389999,16.06204,63177700
2023-04-11,16.719999,16.790001,16.110001,16.209999,15.88564,52220200
2023-04-12,16.66,16.74,15.27,15.33,15.023251,76962300
2023-04-13,15.39,15.95,15.04,15.67,15.356448,59431400
2023-04-14,15.64,16.190001,15.08,15.58,15.268249,56858500
2023-04-17,15.1,15.62,14.95,15.58,15.268249,56761700
2023-04-18,16.02,16.360001,15.41,15.78,15.464247,56833200
2023-04-19,15.2,15.38,14.98,15.26,14.954653,53185600
2023-04-20,14.79,15.9,14.75,15.2,14.895851,65191000
2023-04-21,15.09,15.09,14.48,14.86,14.562655,68276000
2023-04-24,14.78,15.04,14.36,14.63,14.337258,48740200
2023-04-25,14.42,14.42,13.17,13.2,12.935871,89382800
2023-04-26,13.62,13.79,13.18,13.37,13.102469,68911200
2023-04-27,13.33,13.6,12.52,13.54,13.269068,87997600
2023-04-28,13.76,14.27,13.54,14.23,13.945261,65456800
2023-05-01,14.46,14.79,14.32,14.66,14.366656,57191000
2023-05-02,14.66,14.91,13.91,14.35,14.062861,61126500
2023-05-03,14.12,14.62,13.81,13.84,13.563066,71240700
2023-05-04,13.5,14.0,13.22,13.6,13.327868,62383900
2023-05-05,13.62,14.68,13.44,14.47,14.18046,62636200
2023-05-08,14.46,14.7,14.07,14.65,14.356856,41012800
2023-05-09,14.07,14.12,13.74,13.94,13.661064,57414300
2023-05-10,14.38,14.64,13.91,14.31,14.023661,78346700
2023-05-11,14.33,14.43,13.64,14.07,13.788464,54962200
2023-05-12,14.18,14.37,13.59,14.02,13.739465,46243600
2023-05-15,14.1,15.14,13.97,15.11,14.807653,64054000
2023-05-16,14.98,15.57,14.97,15.05,14.748855,54294600
2023-05-17,15.48,16.34,15.14,16.139999,15.81704,77302900
2023-05-18,16.34,17.799999,16.32,17.67,17.316431,91302200
2023-05-19,17.59,17.639999,17.059999,17.389999,17.042032,49521200
2023-05-22,16.92,17.719999,16.889999,17.530001,17.179232,43944400
2023-05-23,17.200001,17.549999,16.790001,16.92,16.581434,41287200
2023-05-24,15.89,16.23,15.49,16.030001,15.709245,87475800
2023-05-25,18.16,19.389999,17.629999,19.15,18.766813,124768700
2023-05-26,20.049999,23.26,20.030001,22.879999,22.422178,112964600
2023-05-30,24.57,24.799999,22.59,22.870001,22.41238,99439100
2023-05-31,21.709999,22.67,21.09,21.15,20.726797,73938700
2023-06-01,21.48,22.75,20.83,22.16,21.716585,74757400
2023-06-02,22.690001,22.889999,21.530001,22.02,21.579388,65015000
2023-06-05,21.75,21.75,20.66,20.969999,20.550396,35747700
2023-06-06,20.549999,22.059999,20.43,21.73,21.295187,49445200
2023-06-07,22.15,23.1,21.49,21.639999,21.206989,65066100
2023-06-08,21.790001,22.469999,21.459999,22.280001,21.834185,43045900
2023-06-09,23.030001,23.49,22.09,22.4,21.95178,50142100
2023-06-12,23.200001,24.68,23.129999,24.6,24.107761,52761000
2023-06-13,25.790001,26.08,24.719999,25.559999,25.048552,82626800
2023-06-14,25.309999,26.700001,24.84,26.639999,26.106941,84622000
2023-06-15,25.75,26.57,25.42,25.950001,25.430748,64797200
2023-06-16,26.77,26.790001,25.129999,25.24,24.734951,55392600
2023-06-20,24.860001,25.549999,23.98,24.65,24.156759,43349100
2023-06-21,24.17,24.49,22.700001,22.780001,22.358643,59099400
2023-06-22,22.280001,23.379999,22.219999,23.1,22.672726,44637500
2023-06-23,21.950001,22.280001,21.52,21.889999,21.485109,44294000
2023-06-26,22.32,23.32,22.049999,22.09,21.681408,47524300
2023-06-27,22.290001,24.49,22.01,24.370001,23.919237,54471000
2023-06-28,23.18,24.440001,23.110001,23.719999,23.28126,55584500
2023-06-29,24.110001,24.110001,23.17,23.809999,23.369593,45213700
2023-06-30,24.57,25.17,24.290001,24.83,24.370728,47598800
2023-07-03,25.26,25.75,24.68,25.49,25.018518,25289900
2023-07-05,24.99,25.18,23.83,23.85,23.408854,38292000
2023-07-06,22.6,23.049999,22.040001,22.98,22.554945,49420400
2023-07-07,23.08,24.030001,22.83,22.959999,22.535318,41284000
2023-07-10,23.16,24.440001,23.08,24.32,23.870165,39943500
2023-07-11,24.68,24.74,23.280001,24.34,23.88979,44231000
2023-07-12,25.440001,25.85,25.0,25.690001,25.214823,54237000
2023-07-13,26.51,27.450001,26.209999,27.280001,26.77541,42645500
2023-07-14,27.34,28.030001,25.9,26.23,25.744833,47910200
2023-07-17,26.280001,28.530001,25.77,28.059999,27.540981,50068600
2023-07-18,27.75,28.549999,27.09,28.26,27.737286,45800100
2023-07-19,28.41,28.440001,27.040001,27.290001,26.785225,49085500
2023-07-20,25.790001,26.059999,23.870001,24.290001,23.840715,67340600
2023-07-21,25.01,25.59,24.5,24.92,24.459064,43146400
2023-07-24,24.91,25.440001,24.51,24.9,24.43943,29911500
2023-07-25,25.309999,26.59,25.309999,26.129999,25.646683,39288500
2023-07-26,25.200001,25.73,24.209999,25.059999,24.596472,54225500
2023-07-27,27.0,28.049999,26.0,26.459999,25.970577,83083300
2023-07-28,27.99,28.440001,27.15,28.15,27.629318,60636000
2023-07-31,28.459999,28.75,27.950001,28.41,27.88451,37007400
2023-08-01,27.809999,28.719999,27.440001,28.530001,28.002289,36908400
2023-08-02,27.5,27.5,24.790001,25.280001,24.812407,81886500
2023-08-03,24.290001,25.6,24.07,25.15,24.684807,51031600
2023-08-04,24.82,25.950001,24.08,24.879999,24.419802,59250900
2023-08-07,25.459999,25.780001,24.98,25.66,25.185371,40030800
2023-08-08,24.5,24.549999,23.43,24.459999,24.007568,52987700
2023-08-09,24.4,24.440001,22.950001,23.09,22.66291,49811500
2023-08-10,23.66,24.41,22.309999,22.809999,22.388088,65350400
2023-08-11,21.93,22.0,21.01,21.139999,20.748978,66258400
2023-08-14,20.860001,22.959999,20.66,22.93,22.505871,55110100
2023-08-15,22.620001,22.82,21.700001,21.799999,21.39677,45574800
2023-08-16,21.709999,21.780001,20.469999,20.530001,20.150263,54398900
2023-08-17,20.620001,20.75,19.709999,19.91,19.541731,50769000
2023-08-18,19.219999,20.43,19.110001,20.15,19.777294,63687900
2023-08-21,20.51,22.030001,20.389999,21.879999,21.475292,60272400
2023-08-22,22.709999,22.82,21.1,21.35,20.955099,59640500
2023-08-23,20.950001,22.889999,20.9,22.6,22.181974,67010200
2023-08-24,23.889999,23.92,20.24,20.41,20.032482,87095000
2023-08-25,20.34,21.17,19.4,20.66,20.277857,73315300
2023-08-28,21.26,21.59,20.76,21.42,21.023798,57976500
2023-08-29,21.09,23.309999,20.969999,23.07,22.643286,62384100
2023-08-30,22.92,23.700001,22.370001,23.4,22.96718,58519900
2023-08-31,23.17,24.280001,23.139999,23.860001,23.418669,57584100
2023-09-01,24.35,24.51,23.51,24.02,23.57571,50183300
2023-09-05,23.75,24.58,23.379999,24.02,23.57571,39873800
2023-09-06,23.870001,24.290001,22.66,23.440001,23.006441,45032300
2023-09-07,21.860001,22.049999,21.0,21.870001,21.465481,61690800
2023-09-08,21.719999,22.190001,21.219999,21.5,21.10232,40693000
2023-09-11,22.24,22.309999,20.59,21.450001,21.053246,55474600
2023-09-12,21.0,21.98,20.85,20.940001,20.552679,49005100
2023-09-13,20.879999,21.870001,20.790001,21.23,20.837315,56098900
2023-09-14,21.860001,21.93,21.049999,21.65,21.249546,54201500
2023-09-15,21.24,21.27,19.450001,19.790001,19.423952,77383000
2023-09-18,19.290001,20.18,19.200001,19.93,19.561361,41631100
2023-09-19,19.76,19.809999,19.08,19.43,19.10224,50047300
2023-09-20,19.66,19.92,18.440001,18.48,18.168264,58695600
2023-09-21,17.76,18.129999,17.389999,17.42,17.126146,68048000
2023-09-22,17.9,18.370001,17.629999,17.84,17.539063,65378900
2023-09-25,17.610001,18.280001,17.34,18.219999,17.912647,56510100
2023-09-26,17.74,17.92,16.99,17.24,16.949183,70947400
2023-09-27,17.639999,18.08,16.889999,17.68,17.381762,80980900
2023-09-28,17.57,19.219999,17.35,18.639999,18.325565,88909800
2023-09-29,19.43,19.66,18.66,18.870001,18.551685,75732800
2023-10-02,18.950001,19.58,18.43,19.08,18.758142,65982800
2023-10-03,18.6,19.389999,17.530001,17.889999,17.588221,77741000
2023-10-04,18.18,18.809999,17.77,18.639999,18.325565,74018800
2023-10-05,18.58,18.870001,17.82,18.4,18.089611,63584100
2023-10-06,18.02,19.790001,17.66,19.469999,19.141563,92805900
2023-10-09,18.92,19.530001,18.450001,19.379999,19.053083,62652500
2023-10-10,19.559999,20.620001,19.290001,20.049999,19.711781,67622800
2023-10-11,20.309999,20.68,19.82,20.51,20.164024,62660000
2023-10-12,20.67,21.57,20.09,20.68,20.331154,83392100
2023-10-13,20.799999,20.889999,18.85,18.98,18.659828,88671200
2023-10-16,19.129999,20.0,19.1,19.809999,19.475826,65688500
2023-10-17,18.629999,19.76,17.91,19.299999,18.974432,90214600
2023-10-18,18.370001,18.790001,17.98,18.280001,17.971636,81406400
2023-10-19,18.76,18.93,17.23,17.43,17.135979,115930900
2023-10-20,17.42,17.790001,16.57,16.639999,16.359303,83690500
2023-10-23,16.35,17.26,15.83,16.389999,16.11352,89594500
2023-10-24,16.66,17.129999,16.42,17.040001,16.752556,79093400
2023-10-25,16.379999,16.52,14.71,14.97,14.717474,107436500
2023-10-26,15.13,15.68,14.48,14.73,14.481522,101804700
2023-10-27,15.3,15.57,14.93,15.1,14.845282,91507300
2023-10-30,14.82,15.11,14.02,14.53,14.284897,104353000
2023-10-31,14.54,15.03,14.01,14.9,14.648654,75873100
2023-11-01,14.95,16.02,14.93,15.95,15.680942,100044400
2023-11-02,16.9,17.41,16.379999,17.08,16.791882,89974100
2023-11-03,17.6,18.76,17.5,18.379999,18.06995,88065900
2023-11-06,18.450001,18.639999,17.73,18.25,17.942141,52668800
2023-11-07,18.16,18.879999,18.059999,18.6,18.28624,56719500
2023-11-08,18.66,18.959999,18.280001,18.67,18.355061,50269100
2023-11-09,19.040001,19.700001,18.280001,18.389999,18.079784,75784400
2023-11-10,19.059999,20.780001,18.83,20.6,20.252506,95598900
2023-11-13,20.110001,20.200001,19.58,20.02,19.682287,57461900
2023-11-14,21.51,22.389999,21.379999,22.139999,21.766523,94381100
2023-11-15,22.610001,23.18,22.18,22.629999,22.248259,78026200
2023-11-16,22.370001,22.91,22.139999,22.719999,22.336742,61404400
2023-11-17,22.469999,23.290001,22.370001,23.129999,22.739824,54090800
2023-11-20,23.09,24.42,23.049999,24.18,23.772112,56824400
2023-11-21,23.57,23.6,22.450001,22.84,22.45472,63297900
2023-11-22,23.23,24.120001,22.82,23.0,22.612019,64858200
2023-11-24,22.969999,23.15,22.75,23.09,22.7005,21933500
2023-11-27,22.790001,23.540001,22.6,22.969999,22.582523,40671500
2023-11-28,22.5,22.889999,21.969999,22.540001,22.159779,53548300
2023-11-29,23.459999,24.299999,23.139999,23.219999,22.828306,69262600
2023-11-30,23.450001,23.469999,22.190001,22.809999,22.425222,58913500
2023-12-01,22.379999,23.200001,21.84,23.07,22.680841,54913400
2023-12-04,22.360001,22.440001,21.290001,22.309999,21.933659,55773300
2023-12-05,21.68,22.09,21.34,21.93,21.560064,51980900
2023-12-06,22.83,22.889999,21.41,21.469999,21.107828,60117400
2023-12-07,22.02,23.4,21.82,23.18,22.78898,77337000
2023-12-08,23.01,24.040001,22.950001,23.700001,23.300207,69286800
2023-12-11,24.389999,26.379999,24.309999,26.110001,25.669556,80772700
2023-12-12,25.75,26.719999,25.6,26.65,26.200447,55752100
2023-12-13,26.700001,28.4,26.42,27.92,27.449022,80992700
2023-12-14,28.620001,30.49,28.610001,30.190001,29.680735,86502800
2023-12-15,30.459999,31.59,30.35,30.57,30.054321,66922000
2023-12-18,30.559999,30.709999,29.459999,30.290001,29.779043,46100400
2023-12-19,30.33,30.98,30.290001,30.75,30.231285,39361100
2023-12-20,30.200001,30.620001,28.049999,28.1,27.625988,59562600
2023-12-21,29.75,30.41,29.35,30.26,29.816397,62019200
2023-12-22,30.620001,31.08,29.879999,30.51,30.062733,42657600
2023-12-26,30.93,32.529999,30.91,32.16,31.688545,48619700
2023-12-27,32.560001,32.740002,31.85,32.349998,31.875757,47991500
2023-12-28,32.59,32.779999,32.049999,32.220001,31.747669,34883800
2023-12-29,32.169998,32.349998,30.889999,31.4,30.939686,53294900
2024-01-02,29.889999,29.9,27.26,28.040001,27.628944,79763800
2024-01-03,26.59,27.049999,25.879999,26.25,25.865183,62304900
2024-01-04,24.959999,26.33,24.799999,25.58,25.205006,75067000
2024-01-05,25.65,26.620001,25.4,25.93,25.549871,73944700
2024-01-08,26.49,28.67,26.43,28.43,28.013226,73206500
2024-01-09,27.5,29.139999,27.35,28.42,28.003372,67616000
2024-01-10,28.639999,28.68,27.09,28.17,27.757036,62528400
2024-01-11,28.25,29.040001,26.780001,28.459999,28.042784,77551200
2024-01-12,28.58,28.98,27.610001,28.1,27.688065,48992100
2024-01-16,28.15,29.83,27.700001,29.190001,28.762087,77707000
2024-01-17,28.370001,28.549999,26.959999,28.43,28.013226,77075400
2024-01-18,30.719999,31.309999,29.809999,31.190001,30.732763,99590300
2024-01-19,32.419998,34.990002,31.9,34.860001,34.348969,91848600
2024-01-22,35.68,36.57,34.220001,35.259998,34.743092,73322100
2024-01-23,35.23,36.009998,34.220001,35.919998,35.393421,50847400
2024-01-24,37.099998,38.919998,36.259998,37.419998,36.871437,97248200
2024-01-25,39.5,39.529999,36.52,37.119999,36.575836,82851400
2024-01-26,34.869999,35.549999,33.700001,34.009998,33.511425,70933100
2024-01-29,34.23,35.130001,33.509998,35.040001,34.526325,54398800
2024-01-30,34.560001,35.130001,33.049999,33.529999,33.03846,55768200
2024-01-31,31.92,33.869999,31.139999,32.099998,31.629423,85888800
2024-02-01,32.279999,32.720001,31.200001,32.450001,31.974293,60671300
2024-02-02,32.349998,33.919998,32.169998,33.650002,33.1567,67828900
2024-02-05,34.549999,35.599998,33.419998,35.099998,34.585438,65899800
2024-02-06,35.369999,35.48,32.66,33.830002,33.334061,62828900
2024-02-07,34.439999,35.490002,33.459999,35.360001,34.841633,63261800
2024-02-08,35.740002,37.950001,35.639999,37.150002,36.605396,59516900
2024-02-09,37.860001,39.540001,37.169998,39.32,38.74358,65860900
2024-02-12,39.41,41.330002,38.650002,39.150002,38.576077,72207900
2024-02-13,35.709999,37.959999,35.16,36.84,36.299934,86489300
2024-02-14,38.139999,39.27,37.610001,39.119999,38.546513,62424100
2024-02-15,40.0,40.119999,38.5,39.110001,38.536663,60937300
2024-02-16,39.84,40.779999,37.970001,38.330002,37.768097,77150800
2024-02-20,37.240002,37.669998,34.66,36.419998,35.886097,80980100
2024-02-21,35.110001,36.150002,34.580002,36.139999,35.610203,64615200
2024-02-22,40.450001,42.049999,39.869999,41.419998,40.812798,96865500
2024-02-23,42.139999,42.68,39.41,40.169998,39.58112,68430000
2024-02-26,41.220001,41.799999,40.400002,41.209999,40.605873,49475100
2024-02-27,41.810001,42.16,40.779999,41.110001,40.507343,48124600
2024-02-28,39.740002,40.5,39.150002,39.799999,39.216545,46281900
2024-02-29,41.209999,43.130001,40.77,42.84,42.211979,67431600
2024-03-01,44.400002,48.950001,44.240002,48.330002,47.621494,90615500
2024-03-04,50.0,51.41,49.0,49.77,49.040386,81255500
2024-03-05,48.009998,49.0,45.259998,46.84,46.153343,76835800
2024-03-06,49.77,51.849998,48.720001,50.220001,49.483788,91762300
2024-03-07,52.150002,56.060001,52.099998,55.32,54.509029,91590800
2024-03-08,55.939999,56.990002,48.799999,48.950001,48.232407,129037200
2024-03-11,46.939999,47.790001,45.099998,46.77,46.084366,76456400
2024-03-12,48.439999,49.689999,46.0,49.580002,48.853172,89505900
2024-03-13,47.900002,48.040001,45.09,46.080002,45.40448,79513600
2024-03-14,45.5,46.34,42.18,43.529999,42.891865,77822900
2024-03-15,41.810001,44.139999,41.619999,42.740002,42.113445,72496500
2024-03-18,44.700001,45.259998,42.330002,42.540001,41.916374,65139200
2024-03-19,40.709999,41.950001,38.950001,41.419998,40.846405,83450200
2024-03-20,41.59,43.799999,40.619999,43.400002,42.798981,79396800
2024-03-21,47.619999,48.759998,46.060001,46.310001,45.668686,82495700
2024-03-22,45.68,47.5,45.25,46.43,45.787022,57152800
2024-03-25,44.5,47.18,44.139999,45.889999,45.254501,54917700
2024-03-26,46.82,47.369999,44.880001,45.029999,44.40641,55697600
2024-03-27,46.23,46.540001,43.91,46.5,45.856052,56643600
2024-03-28,46.310001,47.299999,46.009998,46.529999,45.885635,45684700
2024-04-01,46.73,49.990002,46.720001,47.990002,47.32542,63270000
2024-04-02,45.830002,46.16,44.380001,45.880001,45.24464,57411500
2024-04-03,44.290001,47.18,44.209999,46.189999,45.550346,54158200
2024-04-04,48.130001,48.490002,41.98,42.369999,41.783245,82719300
2024-04-05,42.700001,44.529999,41.939999,43.619999,43.015942,71151400
2024-04-08,44.5,45.189999,43.5,44.0,43.390675,42780900
2024-04-09,45.369999,45.849998,43.169998,45.389999,44.761429,66283900
2024-04-10,43.110001,44.77,42.189999,43.09,42.493279,74894000
2024-04-11,43.709999,46.049999,42.66,45.799999,45.165749,64703800
2024-04-12,43.32,43.549999,41.029999,41.509998,40.93515,79978400
2024-04-15,42.990002,43.400002,39.099998,39.779999,39.229111,62077800
2024-04-16,39.75,41.169998,39.209999,40.540001,39.978584,62696200
2024-04-17,40.599998,40.849998,36.639999,37.060001,36.546783,85426600
2024-04-18,36.040001,36.799999,34.529999,34.91,34.426556,91529700
2024-04-19,33.959999,34.580002,30.200001,30.790001,30.363615,105240100
2024-04-22,31.58,32.849998,30.5,32.07,31.625885,65096900
2024-04-23,32.82,34.66,32.59,34.110001,33.637634,66511500
2024-04-24,36.91,37.48,34.599998,35.490002,34.998524,80370100
2024-04-25,35.279999,38.18,34.639999,37.41,36.891933,80677600
2024-04-26,37.32,40.290001,37.009998,39.799999,39.24884,59041700
2024-04-29,39.599998,40.830002,38.709999,40.610001,40.047623,51120700
2024-04-30,40.080002,41.490002,38.119999,38.18,37.651272,56304200
2024-05-01,36.080002,38.060001,33.650002,34.369999,33.894035,97290300
2024-05-02,35.98,36.91,34.119999,36.450001,35.945236,56653400
2024-05-03,38.75,39.580002,38.099998,38.970001,38.430332,58599400
2024-05-06,39.970001,41.380001,39.48,41.299999,40.728062,48404800
2024-05-07,41.529999,41.91,40.279999,40.360001,39.801083,51508400
2024-05-08,39.060001,40.5,38.959999,40.41,39.850388,53735100
2024-05-09,40.400002,40.619999,39.310001,39.959999,39.406624,39132700
2024-05-10,41.150002,42.240002,40.52,41.029999,40.461807,47048400
2024-05-13,41.599998,42.07,41.080002,41.27,40.698483,30565400
2024-05-14,41.18,43.439999,41.049999,43.209999,42.611618,41581500
2024-05-15,44.669998,47.07,43.990002,47.0,46.349129,58063500
2024-05-16,46.959999,48.029999,46.209999,46.259998,45.619373,46325500
2024-05-17,47.02,47.380001,44.330002,45.400002,44.771286,40965800
2024-05-20,45.959999,49.299999,45.810001,48.25,47.581818,55103200
2024-05-21,46.549999,48.189999,46.41,47.98,47.315559,36437200
2024-05-22,49.25,50.0,48.099998,49.380001,48.696171,55487800
2024-05-23,53.150002,53.200001,47.549999,48.810001,48.134068,81175900
2024-05-24,50.02,52.07,49.349998,51.439999,50.727638,48477400
2024-05-28,53.34,54.889999,51.75,54.040001,53.291634,50658400
2024-05-29,51.150002,51.919998,50.650002,50.98,50.27401,42965600
2024-05-30,50.84,51.34,48.98,50.0,49.307587,38260500
2024-05-31,50.299999,50.720001,44.380001,48.59,47.917114,72522600
2024-06-03,50.810001,50.93,46.119999,48.59,47.917114,53127300
2024-06-04,48.459999,48.650002,46.43,47.59,46.930954,46692500
2024-06-05,50.029999,53.869999,49.57,53.52,52.778839,66560100
2024-06-06,53.790001,53.790001,51.23,52.509998,51.782825,43947600
2024-06-07,52.23,52.900002,50.810001,51.869999,51.151691,50248700
2024-06-10,50.52,54.580002,50.419998,53.950001,53.202885,43759400
2024-06-11,53.380001,54.48,51.700001,54.169998,53.419834,37695700
2024-06-12,57.25,59.450001,56.810001,58.720001,57.90683,73759300
2024-06-13,60.07,61.490002,58.299999,60.860001,60.017193,45660700
2024-06-14,58.950001,60.549999,58.349998,60.099998,59.267712,39112000
2024-06-17,61.0,63.150002,58.950001,62.669998,61.802124,54196500
2024-06-18,63.419998,66.190002,63.099998,65.239998,64.336533,47069100
2024-06-20,65.519997,65.830002,58.790001,60.02,59.188828,60852900
2024-06-21,58.419998,60.18,56.029999,58.200001,57.394032,50012300
2024-06-24,56.450001,57.490002,53.029999,53.220001,52.482994,54326400
2024-06-25,54.23,55.450001,52.349998,55.299999,54.68729,43610200
2024-06-26,55.16,56.220001,52.849998,54.779999,54.173058,41093400
2024-06-27,54.330002,55.580002,52.82,53.799999,53.203915,35417000
2024-06-28,54.869999,58.580002,54.09,55.360001,54.746632,55584600
2024-07-01,55.360001,55.549999,52.25,55.360001,54.746632,43335000
2024-07-02,54.360001,57.75,54.279999,57.599998,56.961807,45011700
2024-07-03,58.099998,61.52,57.18,60.389999,59.720901,40242700
2024-07-05,61.860001,62.380001,59.790001,60.810001,60.136253,38395400
2024-07-08,62.259998,64.5,62.200001,64.309998,63.597466,42861600
2024-07-09,65.129997,66.150002,62.419998,64.25,63.538132,41789800
2024-07-10,65.889999,69.0,65.010002,68.589996,67.830048,48280800
2024-07-11,70.010002,70.080002,61.220001,61.990002,61.303173,75368500
2024-07-12,62.84,67.300003,61.650002,63.939999,63.231567,51046400
2024-07-15,64.940002,66.760002,63.049999,64.139999,63.429352,48228700
2024-07-16,65.019997,65.589996,62.23,65.300003,64.5765,39846400
2024-07-17,58.599998,59.299999,51.220001,51.549999,50.978844,99429800
2024-07-18,54.16,54.169998,49.119999,51.66,51.087627,94172600
2024-07-19,51.779999,52.369999,46.75,47.0,46.479256,75969100
2024-07-22,50.049999,52.950001,48.810001,52.93,52.343555,73675300
2024-07-23,50.5,52.07,50.0,50.529999,49.970146,50181600
2024-07-24,48.43,48.790001,42.25,42.900002,42.424686,90534800
2024-07-25,41.509998,43.700001,37.389999,39.779999,39.339249,143325900
2024-07-26,42.240002,43.0,40.709999,41.919998,41.45554,82759200
2024-07-29,43.369999,45.0,41.259998,41.810001,41.346764,80788400
2024-07-30,42.380001,42.669998,36.779999,37.240002,36.8274,108596000
2024-07-31,42.299999,44.759998,41.419998,44.389999,43.898174,96880500
2024-08-01,42.049999,43.419998,33.419998,35.0,34.612213,163864400
2024-08-02,30.559999,31.59,28.139999,29.34,29.014925,198233900
2024-08-05,23.52,30.15,23.5,27.889999,27.58099,220042200
2024-08-06,28.6,30.799999,27.17,28.58,28.263344,137309500
2024-08-07,31.32,31.940001,25.940001,26.219999,25.929489,146256500
2024-08-08,28.57,31.6,26.870001,31.459999,31.111433,149988600
2024-08-09,30.709999,31.790001,29.58,31.01,30.666422,96949800
2024-08-12,31.110001,32.59,30.23,31.41,31.061991,89135100
2024-08-13,32.66,35.43,32.189999,35.279999,34.889107,103380000
2024-08-14,36.18,36.639999,33.27,35.049999,34.661659,112421600
2024-08-15,37.349998,40.470001,36.860001,39.919998,39.477703,107522700
2024-08-16,38.790001,40.23,38.07,39.73,39.289806,82364600
2024-08-19,39.279999,41.75,37.889999,41.599998,41.139088,77684200
2024-08-20,41.049999,41.919998,39.099998,40.09,39.645821,83644600
2024-08-21,40.75,42.360001,40.330002,41.73,41.267651,83611500
2024-08-22,42.509998,42.880001,37.110001,37.509998,37.094402,107889900
2024-08-23,39.16,41.209999,38.59,40.400002,39.952385,87128100
2024-08-26,39.75,40.290001,36.91,37.369999,36.955956,86603000
2024-08-27,36.509998,38.970001,35.52,38.490002,38.063549,74033300
2024-08-28,38.09,38.860001,35.290001,36.599998,36.194485,101998500
2024-08-29,37.060001,38.93,35.630001,36.189999,35.789028,97333200
2024-08-30,38.68,39.220001,37.060001,38.790001,38.360222,85280800
2024-09-03,36.799999,36.810001,29.4,30.07,29.736837,140077900
2024-09-04,29.07,31.690001,28.73,30.299999,29.964287,108759900
2024-09-05,29.049999,31.200001,28.83,29.75,29.420382,100075900
2024-09-06,29.110001,29.17,25.5,25.959999,25.672371,156147600
2024-09-09,27.18,27.73,26.15,27.43,27.126087,84474500
2024-09-10,27.540001,28.389999,26.24,28.35,28.035894,81557500
2024-09-11,28.889999,32.419998,27.08,32.220001,31.863016,143140900
2024-09-12,31.75,32.689999,30.35,31.809999,31.457558,98895800
2024-09-13,32.52,33.720001,32.360001,33.43,33.059608,78147300
2024-09-16,32.029999,32.639999,30.84,32.16,31.80368,79670100
2024-09-17,33.310001,33.560001,31.360001,32.16,31.80368,86913700
2024-09-18,32.540001,34.0,31.049999,31.139999,30.794977,113735500
2024-09-19,34.68,36.439999,33.880001,35.119999,34.730881,123984300
2024-09-20,34.049999,34.400002,32.040001,33.549999,33.178276,108589600
2024-09-23,33.970001,34.380001,33.189999,33.919998,33.544178,59731600
2024-09-24,34.84,35.700001,33.580002,35.07,34.742893,83369600
2024-09-25,34.709999,36.459999,34.650002,35.740002,35.406643,73587500
2024-09-26,40.200001,40.509998,36.709999,39.650002,39.280174,138171800
2024-09-27,40.0,40.009998,37.099998,37.66,37.308735,85253500
2024-09-30,36.25,37.41,35.049999,36.68,36.337875,74316700
2024-10-01,36.59,36.990002,32.740002,33.830002,33.514458,124928300
2024-10-02,33.849998,36.049999,33.16,34.959999,34.633919,81729100
2024-10-03,34.07,36.610001,33.98,35.209999,34.881588,86857200
2024-10-04,37.310001,37.529999,35.450001,36.68,36.337875,100846900
2024-10-07,35.919998,37.240002,35.57,36.41,36.070396,73150200
2024-10-08,36.419998,37.830002,35.66,37.459999,37.1106,66629700
2024-10-09,37.290001,38.759998,36.529999,38.610001,38.249874,67182800
2024-10-10,37.099998,38.419998,36.360001,37.830002,37.477154,79999000
2024-10-11,36.93,39.049999,36.860001,38.669998,38.309319,58434500
2024-10-14,39.439999,41.060001,39.349998,40.82,40.439259,69661800
2024-10-15,40.490002,41.189999,33.639999,34.470001,34.148487,131664200
2024-10-16,35.75,35.75,34.0,34.459999,34.13858,70233000
2024-10-17,37.169998,37.360001,35.209999,35.209999,34.881588,97549000
2024-10-18,36.25,36.330002,34.849998,35.27,34.941029,56704300
2024-10-21,34.84,35.380001,33.73,35.09,34.762707,59115800
2024-10-22,34.400002,35.029999,33.849998,34.689999,34.36644,51493100
2024-10-23,34.41,34.880001,32.290001,33.799999,33.484734,81658300
2024-10-24,34.580002,34.740002,33.529999,34.290001,33.970165,60128300
2024-10-25,35.189999,36.869999,35.169998,35.279999,34.950932,82300500
2024-10-28,35.299999,36.09,34.75,35.349998,35.020283,51661100
2024-10-29,35.459999,38.450001,34.939999,37.98,37.625751,72288200
2024-10-30,34.970001,35.700001,33.91,34.009998,33.692776,89440100
2024-10-31,33.009998,33.02,29.23,30.09,29.809343,135437800
2024-11-01,30.690001,31.83,30.379999,30.83,30.542439,80726000
2024-11-04,30.610001,31.67,30.01,30.35,30.066917,60422400
2024-11-05,30.360001,31.49,30.25,31.379999,31.087309,63174900
2024-11-06,33.25,34.5,32.400002,34.119999,33.80175,97893100
2024-11-07,35.77,36.369999,35.439999,36.209999,35.872257,77945800
2024-11-08,35.560001,36.279999,34.84,35.41,35.07972,62666300
2024-11-11,34.349998,34.41,31.48,32.77,32.464348,99155700
2024-11-12,32.369999,32.549999,30.379999,31.67,31.374607,75694800
2024-11-13,30.83,31.219999,29.469999,29.690001,29.413076,92269200
2024-11-14,30.59,30.84,29.379999,29.6,29.323914,68994200
2024-11-15,28.01,28.49,26.43,26.66,26.411335,113560200
2024-11-18,26.700001,27.83,26.299999,27.67,27.411915,70256700
2024-11-19,27.370001,28.030001,27.09,27.85,27.590237,57030600
2024-11-20,27.34,27.559999,26.0,27.129999,26.876951,90911700
2024-11-21,28.049999,28.92,26.469999,28.49,28.224268,106013200
2024-11-22,28.25,28.690001,27.84,28.49,28.224268,52604100
2024-11-25,29.58,30.1,28.74,29.33,29.056433,70536000
2024-11-26,30.040001,30.25,27.459999,28.129999,27.867624,73204200
2024-11-27,27.68,27.75,25.58,26.98,26.72835,84235700
2024-11-29,27.549999,29.040001,27.5,28.059999,27.798275,54303400
2024-12-02,28.559999,30.799999,28.459999,30.200001,29.918318,89389800
2024-12-03,29.58,30.280001,29.4,29.73,29.452702,59730300
2024-12-04,31.540001,31.559999,30.24,30.879999,30.591974,67498800
2024-12-05,30.75,30.870001,28.879999,29.120001,28.848392,59282100
2024-12-06,29.200001,29.860001,28.9,29.610001,29.333822,49152300
2024-12-09,29.07,30.32,28.610001,29.23,28.957365,54963000
2024-12-10,29.43,29.530001,26.559999,27.059999,26.807604,77681700
2024-12-11,28.33,29.629999,27.790001,29.120001,28.848392,77277400
2024-12-12,28.450001,28.83,27.74,28.459999,28.194546,59937600
2024-12-13,30.370001,31.309999,29.49,30.700001,30.413654,103693900
2024-12-16,31.120001,32.950001,30.389999,32.509998,32.206772,85469700
2024-12-17,31.58,32.09,30.549999,31.129999,30.839642,64499000
2024-12-18,31.780001,32.48,27.0,27.83,27.570421,102912200
2024-12-19,27.969999,28.01,26.059999,26.299999,26.054693,86520100
2024-12-20,25.82,28.370001,25.59,27.299999,27.045366,108080200
2024-12-23,27.889999,29.76,27.860001,29.59,29.396921,79330900
2024-12-24,30.26,30.57,29.66,30.48,30.281113,39963700
2024-12-26,29.9,31.1,29.76,30.57,30.370525,45184100
2024-12-27,29.98,30.18,28.59,29.690001,29.496269,59316300
2024-12-30,28.24,28.780001,27.32,27.940001,27.757687,64859000
2024-12-31,28.200001,28.57,26.93,27.309999,27.131796,61199500
2025-01-02,28.129999,29.049999,27.040001,27.67,27.489449,80996300
2025-01-03,28.32,30.120001,28.16,29.82,29.62542,72119600
2025-01-06,31.809999,33.630001,31.809999,32.490002,32.278,95159500
2025-01-07,33.57,33.73,30.6,31.15,30.946739,79205700
2025-01-08,30.799999,31.01,29.18,30.18,29.98307,69523500
2025-01-10,29.059999,29.09,27.440001,28.059999,27.876904,85395000
2025-01-13,26.440001,27.870001,26.25,27.85,27.668274,68286400
2025-01-14,28.469999,28.959999,27.18,28.120001,27.936512,79759400
2025-01-15,29.65,30.459999,29.299999,29.940001,29.744638,69461300
2025-01-16,31.459999,31.719999,29.99,29.99,29.79431,78881100
2025-01-17,32.029999,32.709999,31.48,32.490002,32.278,69688900
2025-01-21,33.330002,34.529999,32.5,33.689999,33.470165,60897500
2025-01-22,34.689999,36.150002,34.41,35.150002,34.920643,57709400
2025-01-23,33.439999,34.919998,33.009998,34.919998,34.692139,44900600
2025-01-24,34.939999,34.939999,32.310001,32.650002,32.436954,60111500
2025-01-27,27.66,28.08,23.84,25.059999,24.896479,198431800
2025-01-28,25.440001,25.799999,23.75,25.370001,25.204458,103185300
2025-01-29,26.110001,26.299999,24.85,25.68,25.512432,94141700
2025-01-30,26.58,27.67,26.139999,27.15,26.972843,87140400
2025-01-31,27.629999,29.25,26.700001,27.02,26.843689,102136600
2025-02-03,24.799999,26.49,24.309999,25.610001,25.442892,103914300
2025-02-04,25.34,26.6,25.200001,26.25,26.078716,60520500
2025-02-05,26.09,27.950001,25.540001,27.700001,27.519255,70330700
2025-02-06,27.17,27.799999,26.719999,27.690001,27.509319,59735100
2025-02-07,27.870001,28.280001,25.799999,26.33,26.158192,87930800
2025-02-10,26.92,27.549999,26.9,27.35,27.171537,53330500
2025-02-11,26.68,27.9,26.68,27.4,27.22121,43880500
2025-02-12,26.18,27.540001,25.950001,27.540001,27.360296,57999300
2025-02-13,27.49,28.549999,27.4,28.469999,28.284227,61026300
2025-02-14,28.49,28.82,28.110001,28.549999,28.363705,43089600
2025-02-18,29.200001,30.23,28.709999,29.99,29.79431,60222200
2025-02-19,30.190001,31.889999,29.76,31.469999,31.264654,58412700
2025-02-20,32.060001,32.639999,30.700001,31.700001,31.493155,50903200
2025-02-21,31.91,31.959999,28.4,28.809999,28.622011,61966500
2025-02-24,29.16,29.26,26.66,26.76,26.585388,63724100
2025-02-25,26.66,26.92,24.82,25.07,24.906414,90907500
2025-02-26,25.99,27.0,25.52,26.290001,26.118456,75869500
2025-02-27,26.780001,26.9,21.73,21.75,21.608078,144841600
2025-02-28,21.799999,23.219999,21.02,22.73,22.581684,110939400
2025-03-03,23.719999,23.73,19.709999,20.51,20.376169,141822100
2025-03-04,20.280001,22.26,19.0,20.65,20.515255,154119800
2025-03-05,21.25,22.16,20.120001,21.950001,21.806774,117702400
2025-03-06,19.709999,21.02,19.01,19.23,19.104521,164277600
2025-03-07,19.5,21.09,18.75,20.879999,20.743753,139349200
2025-03-10,19.34,19.799999,17.1,17.99,17.872612,169215200
2025-03-11,18.049999,18.5,16.51,17.41,17.296398,161267000
2025-03-12,18.540001,19.110001,17.9,18.299999,18.180588,137654500
2025-03-13,18.379999,19.27,17.58,18.09,17.97196,117160200
2025-03-14,19.059999,19.93,18.99,19.799999,19.670801,99718700
2025-03-17,19.51,21.280001,19.5,20.790001,20.654343,82794200
2025-03-18,20.190001,20.4,19.52,19.93,19.799953,79140900
2025-03-19,19.889999,21.370001,19.459999,20.379999,20.247019,83249700
2025-03-20,19.610001,20.57,19.59,19.93,19.799953,80380600
2025-03-21,18.82,19.49,18.370001,19.280001,19.154194,84348300
2025-03-24,20.48,21.370001,20.370001,21.0,20.862972,91671300
2025-03-25,20.83,21.02,20.35,20.549999,20.479296,57784400
2025-03-26,20.299999,20.51,18.200001,18.790001,18.725353,94328400
2025-03-27,18.17,18.41,17.360001,17.76,17.698895,103112800
2025-03-28,17.33,17.59,15.74,16.030001,15.974848,138232400
2025-03-31,15.07,15.98,14.4,15.95,15.895123,111345600
2025-04-01,15.73,15.99,14.83,15.95,15.895123,106085000
2025-04-02,15.19,16.889999,15.03,16.26,16.204056,141655200
2025-04-03,13.81,14.12,11.4,11.41,11.370743,302517400
2025-04-04,10.05,10.43,8.18,8.73,8.699963,499158100
2025-04-07,7.88,10.98,7.23,9.15,9.118518,723467300
2025-04-08,10.41,10.84,7.6,8.25,8.221615,488735500
2025-04-09,8.48,13.11,8.24,12.77,12.726065,787748800
2025-04-10,10.92,11.14,8.35,9.63,9.596868,686331800
2025-04-11,9.35,10.39,8.91,10.23,10.194802,412972900
2025-04-14,11.15,11.16,9.97,10.47,10.433977,358849500
2025-04-15,10.6,11.02,10.41,10.6,10.56353,230001400
2025-04-16,9.13,9.75,8.33,9.34,9.307864,362439300
2025-04-17,9.55,9.55,8.9,9.2,9.168346,233659100
2025-04-21,8.67,8.74,8.15,8.71,8.680032,255318100
2025-04-22,8.96,9.4,8.85,9.18,9.148416,249211900
2025-04-23,10.58,10.9,10.1,10.29,10.254596,368456100
2025-04-24,11.05,12.09,10.85,12.0,11.958713,339636700
2025-04-25,11.63,12.59,11.51,12.34,12.297544,274438500
2025-04-28,12.16,12.53,11.45,12.29,12.247715,203468900
2025-04-29,11.81,12.27,11.62,11.86,11.819194,184045100
2025-04-30,10.99,12.21,10.75,12.16,12.118163,229393200
2025-05-01,12.54,12.81,12.05,12.1,12.05837,203349500
2025-05-02,12.89,13.69,12.89,13.29,13.244274,223410600
2025-05-05,12.93,13.41,12.87,13.05,13.0051,127572300
2025-05-06,12.33,12.95,12.12,12.64,12.596511,158548700
2025-05-07,12.61,13.4,12.23,13.28,13.234308,189249300
2025-05-08,13.84,14.34,13.38,13.66,13.613002,203277000
2025-05-09,14.21,14.47,13.74,14.11,14.061453,149644500
2025-05-12,16.889999,17.469999,16.5,17.129999,17.07106,263806000
2025-05-13,17.360001,18.860001,17.280001,18.6,18.536007,212931800
2025-05-14,18.969999,19.370001,18.43,18.84,18.775179,179343100
2025-05-15,18.32,18.91,17.82,18.469999,18.40645,141287600
2025-05-16,18.530001,18.6,17.76,18.389999,18.326727,113068600
2025-05-19,17.15,18.209999,17.09,18.059999,17.997862,123632000
2025-05-20,17.620001,18.0,17.440001,17.969999,17.908173,84252500
2025-05-21,17.559999,18.59,16.65,17.0,16.941509,149964800
2025-05-22,16.969999,17.43,16.48,16.51,16.453196,144981100
2025-05-23,15.21,16.0,15.1,15.73,15.675879,179062600
2025-05-27,16.74,17.51,16.35,17.290001,17.230513,136539700
2025-05-28,17.43,17.57,16.9,17.040001,16.981373,126785300
2025-05-29,18.18,18.209999,16.9,17.200001,17.140823,179820200
2025-05-30,16.9,16.9,15.24,16.17,16.114367,194058700
2025-06-02,16.059999,17.1,16.040001,16.9,16.841852,103937000
2025-06-03,16.93,18.379999,16.58,18.299999,18.237036,158644000
2025-06-04,18.68,19.26,18.219999,19.09,19.024319,146325300
2025-06-05,19.49,19.99,18.42,18.809999,18.745283,187397100
2025-06-06,19.4,19.950001,19.15,19.18,19.11401,114398700
2025-06-09,19.709999,21.059999,19.68,20.58,20.509192,162686000
2025-06-10,20.84,22.1,20.690001,21.889999,21.814686,142811000
2025-06-11,22.360001,22.6,20.99,21.639999,21.565546,160395000
2025-06-12,21.24,22.07,21.09,21.690001,21.615374,100384500
2025-06-13,20.32,21.059999,19.84,20.040001,19.97105,166989600
2025-06-16,20.83,22.219999,20.790001,21.9,21.82465,121972300
2025-06-17,21.610001,22.530001,21.34,21.42,21.346302,122379500
2025-06-18,21.719999,22.379999,21.23,21.610001,21.535648,113893800
2025-06-20,22.139999,22.33,20.370001,21.209999,21.137024,137078900
2025-06-23,21.18,21.98,20.280001,21.58,21.505753,125143700
2025-06-24,22.66,24.030001,22.629999,23.950001,23.943045,137608000
2025-06-25,24.4,24.6,23.870001,24.58,24.572861,107621600
2025-06-26,25.18,25.360001,24.59,25.200001,25.192682,92382200
2025-06-27,25.209999,25.84,24.280001,25.110001,25.102707,113655600
2025-06-30,25.49,25.5,24.68,25.110001,25.102707,78035000
2025-07-01,24.379999,25.17,23.58,24.709999,24.702822,107277300
2025-07-02,24.51,26.389999,24.450001,26.049999,26.042433,107157100
2025-07-03,26.4,26.719999,26.23,26.43,26.422323,62695800
2025-07-07,25.73,26.049999,24.620001,24.969999,24.962748,93297600
2025-07-08,25.629999,27.030001,25.360001,26.370001,26.362341,90457500
2025-07-09,26.629999,27.41,25.889999,26.65,26.64226,86818700
2025-07-10,27.389999,27.73,26.66,27.370001,27.362051,87602500
2025-07-11,26.85,27.540001,26.549999,27.290001,27.282074,71855400
2025-07-14,26.639999,26.77,25.32,26.5,26.492304,99670600
2025-07-15,28.049999,28.459999,27.209999,27.290001,27.282074,108926200
2025-07-16,26.6,27.049999,24.91,27.030001,27.02215,125700900
2025-07-17,26.959999,27.51,26.42,27.32,27.312065,85334100
2025-07-18,27.66,27.9,26.76,27.33,27.322062,68274300
2025-07-21,27.559999,28.5,27.440001,27.5,27.492012,79860300
2025-07-22,27.120001,27.280001,25.34,26.32,26.312355,118871600
2025-07-23,25.65,25.91,24.84,25.780001,25.772512,105639200
2025-07-24,25.66,25.790001,24.950001,25.620001,25.61256,77503300
2025-07-25,25.17,25.620001,24.83,25.6,25.592566,68037900
2025-07-28,26.379999,26.99,26.34,26.879999,26.872192,88108400
2025-07-29,27.41,28.16,26.5,27.030001,27.02215,101714500
2025-07-30,27.75,28.129999,26.93,27.610001,27.601982,96772200
2025-07-31,26.700001,26.74,24.200001,24.98,24.972744,133413800
2025-08-01,23.58,24.83,22.57,24.08,24.073006,132665200
2025-08-04,24.59,25.18,24.24,25.0,24.992739,85963800
2025-08-05,25.42,25.68,23.610001,24.52,24.512878,99733400
2025-08-06,23.84,24.120001,22.950001,23.99,23.983032,103447500
2025-08-07,25.48,25.879999,24.530001,25.0,24.992739,117228400
2025-08-08,25.16,25.83,24.9,25.709999,25.702532,71389900
2025-08-11,26.030001,26.889999,25.450001,25.610001,25.602562,75943500
2025-08-12,26.209999,28.08,25.68,28.0,27.991867,125315900
2025-08-13,28.65,29.33,28.309999,29.27,29.261499,89497100
2025-08-14,28.120001,29.66,27.950001,29.42,29.411455,84286800
2025-08-15,28.709999,28.709999,27.07,27.370001,27.362051,93664700
2025-08-18,27.1,27.65,27.030001,27.530001,27.522005,50310400
2025-08-19,27.57,27.860001,26.1,26.24,26.232378,75595100
2025-08-20,26.110001,26.110001,23.66,25.799999,25.792505,117636500
2025-08-21,25.4,25.9,24.91,25.35,25.342638,67871100
2025-08-22,25.559999,28.32,25.34,27.450001,27.442028,117140900
2025-08-25,27.35,27.58,26.809999,27.299999,27.29207,55018700
2025-08-26,27.530001,28.219999,27.52,27.940001,27.931885,57544300
2025-08-27,27.610001,28.23,27.280001,28.18,28.171816,61375200
2025-08-28,28.41,29.110001,27.959999,28.530001,28.521713,74466400
2025-08-29,27.32,27.35,25.67,26.040001,26.032438,108411300
2025-09-02,24.08,25.280001,23.799999,25.25,25.242666,101906700
2025-09-03,25.41,25.41,24.120001,24.91,24.902765,79482200
2025-09-04,24.41,25.73,23.98,25.65,25.64255,81641200
2025-09-05,26.82,26.969999,25.6,26.450001,26.442318,110749400
2025-09-08,26.959999,27.43,26.68,27.08,27.072134,72341700
2025-09-09,27.17,27.370001,26.57,27.18,27.172106,55882300
2025-09-10,28.48,28.83,28.07,28.6,28.591694,86721600
2025-09-11,29.059999,29.610001,28.969999,29.17,29.161528,69919800
2025-09-12,29.370001,29.549999,28.790001,29.299999,29.291489,52502600
2025-09-15,29.139999,30.030001,28.92,30.0,29.991287,61268000
2025-09-16,30.33,30.65,29.790001,30.48,30.471146,54148200
2025-09-17,30.280001,31.25,29.16,30.469999,30.461149,80483900
2025-09-18,32.759998,34.139999,32.43,33.639999,33.63023,104513300
2025-09-19,33.560001,33.599998,32.119999,33.02,33.01041,66106100
2025-09-22,33.200001,34.75,33.189999,34.43,34.419998,62948200
2025-09-23,34.700001,35.299999,33.669998,34.299999,34.299999,63661700
2025-09-24,33.959999,34.389999,32.810001,34.200001,34.200001,58369900
2025-09-25,32.439999,34.060001,31.360001,33.849998,33.849998,79969600
2025-09-26,33.93,34.23,32.830002,34.02,34.02,60944500
2025-09-29,35.029999,35.490002,33.990002,34.02,34.02,56593700
2025-09-30,34.07,34.959999,33.57,34.84,34.84,60696800
2025-10-01,34.18,36.98,33.98,36.860001,36.860001,67094700
2025-10-02,38.959999,39.32,38.139999,39.080002,39.080002,68834400
2025-10-03,39.48,40.060001,37.619999,38.23,38.23,69252500
2025-10-06,42.830002,43.369999,41.66,41.709999,41.709999,99880300
2025-10-07,42.779999,43.02,38.700001,38.830002,38.830002,96375900
2025-10-08,38.869999,42.939999,38.68,42.779999,42.779999,77149800
2025-10-09,42.580002,42.84,41.009998,42.240002,42.240002,63095700
2025-10-10,42.52,42.84,34.169998,34.209999,34.209999,204858900
2025-10-13,38.23,39.470001,37.369999,39.139999,39.139999,89274100
2025-10-14,36.619999,39.009998,35.950001,36.630001,36.630001,100358200
2025-10-15,39.549999,40.169998,37.709999,39.98,39.98,96059800
2025-10-16,41.450001,41.93,39.279999,40.57,40.57,89397000
2025-10-17,39.610001,40.799999,38.32,40.290001,40.290001,92083400
2025-10-20,41.16,43.040001,41.130001,42.240002,42.240002,62424500
2025-10-21,41.810001,42.029999,40.52,41.509998,41.509998,54386700
2025-10-22,40.080002,40.810001,35.970001,38.389999,38.389999,110646700
2025-10-23,37.73,41.470001,37.549999,41.169998,41.169998,72467000
2025-10-24,43.43,44.16,42.959999,43.139999,43.139999,69872500
2025-10-27,45.490002,47.16,45.139999,46.84,46.84,72684100
2025-10-28,46.439999,47.610001,45.939999,46.959999,46.959999,53995000
2025-10-29,49.369999,50.759998,48.049999,49.380001,49.380001,88268800
2025-10-30,48.5,49.970001,47.27,47.389999,47.389999,76956300
2025-10-31,48.77,49.990002,46.709999,47.779999,47.779999,75650400
2025-11-03,49.5,50.189999,48.029999,48.580002,48.580002,52610600
2025-11-04,44.77,46.880001,42.529999,42.799999,42.799999,87734300
2025-11-05,43.220001,48.43,43.209999,46.830002,46.830002,76488900
2025-11-06,46.459999,46.990002,42.150002,43.009998,43.009998,106419600
2025-11-07,41.099998,41.740002,37.040001,41.740002,41.740002,143013500
2025-11-10,45.060001,45.52,43.459999,44.959999,44.959999,74223300
2025-11-11,43.720001,44.040001,41.650002,41.810001,41.810001,80862700
2025-11-12,44.009998,44.630001,42.849998,43.709999,43.709999,77730900
2025-11-13,42.169998,42.639999,38.0,39.220001,39.220001,126123700
2025-11-14,35.740002,40.599998,35.150002,38.860001,38.860001,125398600
2025-11-17,37.900002,40.080002,35.529999,36.84,36.84,101936600
2025-11-18,35.310001,36.009998,33.150002,34.349998,34.349998,153515800
2025-11-19,34.720001,37.299999,34.200001,35.959999,35.959999,120458900
2025-11-20,38.790001,39.189999,30.41,30.809999,30.809999,228883600
2025-11-21,30.85,33.040001,28.120001,31.73,31.73,205537900
2025-11-24,32.689999,36.310001,32.650002,35.860001,35.860001,108832500
2025-11-25,34.34,36.450001,32.049999,36.169998,36.169998,108634700
2025-11-26,37.439999,40.150002,37.299999,39.189999,39.189999,104203900
2025-11-28,39.650002,41.330002,39.25,41.259998,41.259998,57190400
2025-12-01,39.580002,42.360001,39.459999,41.310001,41.310001,79426200
2025-12-02,42.790001,44.610001,42.029999,43.799999,43.799999,111736200
2025-12-03,44.450001,46.68,43.150002,46.580002,46.580002,94299300
2025-12-04,45.889999,46.099998,44.439999,45.16,45.16,77656900
2025-12-05,46.470001,48.049999,46.299999,46.5,46.5,77049800
2025-12-08,47.560001,48.599998,46.700001,47.990002,47.990002,69225000
2025-12-09,47.040001,48.049999,46.470001,47.790001,47.790001,56373300
2025-12-10,47.650002,50.09,47.009998,49.650002,49.650002,91153100
2025-12-11,48.009998,48.900002,44.66,48.790001,48.790001,88063000
2025-12-12,46.919998,47.380001,41.060001,41.709999,41.709999,138088200
2025-12-15,43.110001,43.419998,40.799999,41.18,41.18,78218600
2025-12-16,40.75,41.66,39.240002,40.490002,40.490002,94566700
2025-12-17,41.0,41.32,35.700001,36.009998,36.009998,126113900
2025-12-18,39.970001,40.419998,38.110001,38.580002,38.580002,97164000
2025-12-19,39.599998,42.360001,39.5,41.720001,41.720001,92529100
2025-12-22,44.450001,44.560001,42.73,43.259998,43.259998,62717400
2025-12-23,42.619999,43.799999,42.220001,43.700001,43.700001,44455700
2025-12-24,43.720001,44.360001,43.59,44.209999,44.209999,30717800
2025-12-26,44.75,44.790001,43.810001,44.209999,44.209999,38006400
2025-12-29,42.98,44.330002,42.349998,43.82,43.82,54612100
2025-12-30,44.150002,44.75,43.57,43.669998,43.669998,40697400
2025-12-31,43.889999,44.150002,42.009998,42.029999,42.029999,44754800
2026-01-02,45.130001,48.09,45.080002,47.240002,47.240002,132719700
2026-01-05,50.349998,51.220001,48.630001,49.220001,49.220001,94987500
2026-01-06,51.110001,54.299999,51.07,54.009998,54.009998,92678600
2026-01-07,52.200001,52.740002,50.84,52.290001,52.290001,65698500
2026-01-08,51.799999,51.810001,48.130001,49.650002,49.650002,79844800
2026-01-09,51.09,54.759998,50.310001,53.950001,53.950001,87214400
2026-01-12,52.389999,55.150002,52.349998,54.650002,54.650002,53193700
2026-01-13,55.689999,57.630001,55.43,56.07,56.07,61895400
2026-01-14,54.889999,55.439999,53.0,55.380001,55.380001,70434900
2026-01-15,60.959999,61.669998,58.009998,58.080002,58.080002,89664300
2026-01-16,61.189999,62.189999,59.5,60.75,60.75,58559500
2026-01-20,57.34,61.049999,57.220001,57.939999,57.939999,71408300
2026-01-21,60.240002,65.110001,59.459999,63.48,63.48,103027300
2026-01-22,66.900002,66.959999,63.040001,63.720001,63.720001,62594200
2026-01-23,62.48,63.360001,60.150002,61.599998,61.599998,58613600
2026-01-26,60.75,61.959999,59.599998,60.700001,60.700001,42592400
2026-01-27,63.310001,65.989998,62.540001,64.959999,64.959999,61155400
2026-01-28,69.0,70.93,67.980003,70.089996,70.089996,74205500
2026-01-29,70.400002,71.980003,62.650002,70.470001,70.470001,78058200
2026-01-30,67.120003,69.860001,60.290001,61.790001,61.790001,83504200
2026-02-02,59.459999,66.940002,59.099998,65.199997,65.199997,66961000
2026-02-03,66.809998,67.620003,57.02,61.200001,61.200001,101338500
2026-02-04,59.439999,61.029999,49.330002,53.189999,53.189999,139149400
2026-02-05,51.310001,55.490002,50.009998,53.25,53.25,109350300
2026-02-06,56.400002,62.25,55.669998,61.75,61.75,108594200
2026-02-09,59.990002,65.050003,59.290001,64.029999,64.029999,66670500
2026-02-10,64.669998,65.209999,61.419998,63.34,63.34,58273900
2026-02-11,67.209999,69.099998,63.23,68.050003,68.050003,89724200
2026-02-12,69.669998,70.860001,62.77,63.099998,63.099998,90896100
2026-02-13,63.93,66.25,61.43,64.589996,64.589996,79931300
2026-02-17,62.02,65.959999,59.560001,64.349998,64.349998,79420400
2026-02-18,65.260002,68.449997,64.07,66.290001,66.290001,69349000
2026-02-19,64.330002,65.510002,62.959999,65.230003,65.230003,68827500
2026-02-20,63.759998,68.220001,63.580002,67.110001,67.110001,81017900
2026-02-23,65.849998,67.650002,63.470001,65.860001,65.860001,66926300
2026-02-24,68.110001,70.0,66.349998,68.529999,68.529999,66892100
2026-02-25,70.889999,72.360001,70.480003,71.860001,71.860001,52929300
2026-02-26,71.029999,71.110001,61.630001,65.339996,65.339996,97787900
2026-02-27,61.509998,63.759998,60.66,62.77,62.77,70112700
2026-03-02,58.110001,62.82,58.049999,62.759998,62.759998,81699800
2026-03-03,55.119999,55.860001,51.360001,53.419998,53.419998,131198300
2026-03-04,55.959999,57.720001,54.380001,56.619999,56.619999,78143300
2026-03-05,55.32,57.689999,51.130001,54.799999,54.799999,110055800
2026-03-06,50.09,53.360001,46.799999,47.889999,47.889999,125241500
2026-03-09,45.509998,53.779999,44.529999,53.32,53.32,114897700
2026-03-10,53.360001,57.779999,53.360001,54.59,54.59,104717600
2026-03-11,55.5,57.740002,55.349998,56.09,56.09,83007700
2026-03-12,53.529999,53.880001,49.529999,50.279999,50.279999,105674400
2026-03-13,51.880001,53.959999,50.040001,50.720001,50.720001,83244300
2026-03-16,54.060001,55.68,53.009998,53.689999,53.689999,79819200
2026-03-17,55.099998,55.400002,53.299999,54.950001,54.950001,59567700
2026-03-18,55.029999,56.48,54.0,54.02,54.02,75470000
2026-03-19,49.529999,56.110001,48.5,54.849998,54.849998,93732700
2026-03-20,54.689999,55.360001,49.0,51.139999,51.139999,101773000
2026-03-23,54.630001,56.810001,52.279999,53.029999,53.029999,115257400
2026-03-24,51.540001,56.09,51.540001,54.959999,54.959999,92153500
2026-03-25,56.639999,58.25,55.59,57.040001,57.040001,84440300
2026-03-26,54.189999,54.439999,48.869999,48.970001,48.970001,116603800
2026-03-27,48.040001,49.380001,45.959999,46.610001,46.610001,99401400
2026-03-30,47.860001,48.290001,39.52,40.619999,40.619999,139746200
2026-03-31,42.880001,48.18,42.610001,47.91,47.91,138002100
2026-04-01,50.040001,54.09,49.619999,52.259998,52.259998,121955600
2026-04-02,46.060001,53.07,46.049999,52.75,52.75,104471700
2026-04-06,53.75,55.599998,52.880001,54.810001,54.810001,68780400
2026-04-07,54.32,56.599998,52.130001,56.549999,56.549999,107326500
2026-04-08,66.330002,67.980003,63.560001,67.5,67.5,111697300
2026-04-09,68.120003,72.279999,68.120003,71.980003,71.980003,79331600
2026-04-10,74.300003,78.300003,74.300003,76.389999,76.389999,78863600
2026-04-13,75.589996,80.739998,75.25,80.559998,80.559998,64504600
2026-04-14,83.269997,85.57,80.709999,85.309998,85.309998,61657000
2026-04-15,84.660004,85.980003,79.760002,85.959999,85.959999,68425400
2026-04-16,85.010002,89.389999,83.309998,88.370003,88.370003,63777500
2026-04-17,93.199997,94.75,90.660004,94.68,94.68,67081400
2026-04-20,95.970001,96.93,92.029999,95.940002,95.940002,49367800
2026-04-21,97.970001,99.949997,95.32,98.089996,98.089996,65206900
2026-04-22,102.940002,106.089996,99.599998,105.639999,105.639999,58165200
2026-04-23,108.620003,116.769997,107.459999,112.769997,112.769997,96510200
2026-04-24,125.209999,130.119995,120.239998,128.320007,128.320007,83092400
2026-04-27,128.330002,129.589996,117.790001,123.389999,123.389999,73334600
2026-04-28,108.75,115.620003,103.989998,109.559998,109.559998,94099700
2026-04-29,114.760002,118.32,112.300003,117.970001,117.970001,55503700
2026-04-30,122.809998,127.449997,117.5,126.980003,126.980003,58536700
2026-05-01,124.389999,131.380005,121.660004,130.399994,130.399994,40940300
2026-05-04,132.199997,133.669998,123.800003,127.550003,127.550003,46455700
2026-05-05,135.0,147.259995,134.020004,144.160004,144.160004,52130100
2026-05-06,157.839996,166.0,149.059998,165.850006,165.850006,65579200
2026-05-07,162.119995,162.899994,147.610001,152.100006,152.100006,72375200
2026-05-08,163.0,177.5,161.509995,176.940002,176.940002,47016500
2026-05-11,181.0,191.289993,178.940002,190.419998,190.419998,50496000
2026-05-12,177.619995,182.240005,150.580002,172.520004,172.520004,91705600
2026-05-13,183.839996,188.490005,172.259995,184.240005,184.240005,59522300
2026-05-14,182.669998,189.559998,178.279999,186.190002,186.190002,43319000
2026-05-15,167.0,174.399994,161.139999,164.179993,164.179993,62126600
2026-05-18,172.949997,174.610001,142.690002,151.75,151.75,75610500
2026-05-19,141.240005,160.600006,135.020004,151.889999,151.889999,85384000
2026-05-20,161.0,173.699997,161.0,173.199997,173.199997,58913200
2026-05-21,171.259995,179.970001,168.229996,178.389999,178.389999,52278700
2026-05-22,184.800003,195.270004,183.339996,190.559998,190.559998,45133000
2026-05-26,211.380005,228.5,209.889999,225.789993,225.789993,52533000
2026-05-27,242.660004,242.660004,204.0,217.979996,217.979996,74732700
2026-05-28,219.0,231.889999,207.559998,224.630005,224.630005,47153500
2026-05-29,231.820007,239.070007,218.559998,224.339996,224.339996,37035700
2026-06-01,217.270004,234.059998,210.139999,227.029999,227.029999,37499600
2026-06-02,243.179993,267.079987,238.820007,266.320007,266.320007,42799700
2026-06-03,281.470001,284.579987,257.26001,280.540009,280.540009,49817200
2026-06-04,242.039993,274.5,228.550003,262.700012,262.700012,59036000
2026-06-05,230.850006,233.690002,181.809998,182.539993,182.539993,108280300
2026-06-08,210.619995,222.190002,201.690002,211.440002,211.440002,68180500
2026-06-09,227.059998,231.020004,157.559998,201.679993,201.679993,124754300
2026-06-10,191.539993,212.990005,177.300003,180.649994,180.649994,94924200
2026-06-11,192.300003,225.630005,192.300003,223.990005,223.990005,72493400
2026-06-12,222.220001,242.399994,214.740005,234.679993,234.679993,50419100
2026-06-15,265.98999,274.880005,261.600006,272.5,272.5,39914100
2026-06-16,267.130005,274.929993,226.0,226.190002,226.190002,54771900
2026-06-17,247.419998,259.790009,233.300003,233.860001,233.860001,49127300
2026-06-18,266.040009,286.149994,265.0,279.290009,279.290009,49319800
2026-06-22,299.26001,302.0,286.23999,300.769989,300.769989,36399600
2026-06-23,236.0,252.979996,223.0,231.419998,231.419998,70699700
2026-06-24,233.110001,237.0,211.130005,229.570007,229.570007,57018500
2026-06-25,268.049988,268.399994,225.740005,252.610001,252.610001,57401800
2026-06-26,226.240005,231.25,212.100006,215.600006,215.600006,51987400
2026-06-29,216.360001,238.649994,192.300003,236.520004,236.520004,48952600
2026-06-30,241.449997,272.0,240.589996,266.709991,266.709991,36721000
2026-07-01,237.789993,246.470001,215.380005,217.550003,217.550003,60156300
2026-07-02,219.229996,226.130005,168.880005,181.470001,181.470001,91060900
2026-07-06,197.210007,210.800003,194.220001,194.649994,194.649994,42756600
2026-07-07,165.399994,171.880005,150.080002,165.279999,165.279999,78957300
2026-07-08,159.210007,176.75,158.869995,174.820007,174.820007,63175900
2026-07-09,199.809998,204.550003,189.460007,192.449997,192.449997,52530500
2026-07-10,182.399994,195.940002,176.800003,192.259995,192.259995,37626300
2026-07-13,174.610001,177.669998,161.550003,165.369995,165.369995,52686700
2026-07-14,187.690002,188.429993,170.259995,176.660004,176.660004,49269200
2026-07-15,183.770004,184.0,150.0,165.550003,165.550003,67008900
2026-07-16,150.440002,155.830002,138.0,142.479996,142.479996,76391300
2026-07-17,124.730003,144.399994,116.470001,135.470001,135.470001,105762300
2026-07-20,143.520004,148.740005,135.669998,136.809998,136.809998,52804300
2026-07-21,155.839996,160.639999,148.869995,158.539993,158.539993,55698500
2026-07-22,147.100006,165.75,147.0,160.990005,160.990005,46926500
2026-07-23,152.160004,162.919998,150.649994,157.5,157.5,57831400
2026-07-24,151.449997,154.5,132.550003,136.809998,136.809998,71734900
2026-07-27,140.649994,148.020004,115.449997,128.149994,128.149994,90434900
2026-07-28,113.150002,114.949997,101.529999,109.540001,109.540001,125338900
2026-07-29,107.620003,112.669998,91.5,91.989998,91.989998,149950200
2026-07-30,107.379997,118.0,105.120003,114.720001,114.720001,109931900
2026-07-31,129.899994,133.880005,112.419998,114.720001,114.720001,102613300
2026-08-03,106.150002,118.870003,102.089996,116.709999,116.709999,81117500
2026-08-04,131.509995,142.419998,129.660004,139.899994,139.899994,78456600
2026-08-05,135.539993,144.339996,130.0,132.070007,132.070007,67515700
2026-08-06,125.230003,140.0,120.75,132.330002,132.330002,57025200
2026-08-07,141.970001,143.919998,131.559998,140.25,140.25,61350700
2026-08-10,142.800003,143.449997,130.0,130.0,130.0,50105400
2026-08-11,136.259995,136.600006,130.059998,133.0,133.0,38282500
2026-08-12,147.300003,147.699997,141.889999,142.160004,142.160004,55339600
2026-08-13,142.16,154.13,141.84,145.36,145.36,54832000
2026-08-14,143.79,146.65,138.9,144.95,144.95,45331000
2026-08-17,150.61,156.92,148.9,151.53,151.53,43560000
2026-08-18,134.2,137.6,122.4,129.1,129.1,87105000
2026-08-19,132.63,133.74,116.84,120.74,120.74,78078000
2026-08-20,119.99,124.56,117.42,122.21,122.21,50501000
2026-08-21,126.59,126.79,116.71,120.6,120.6,48175000
2026-08-24,115.07,115.07,106.0,111.16,111.16,67194000
2026-08-25,117.37,119.88,113.13,115.67,115.67,47392000
2026-08-26,114.7,117.39,112.53,116.6,116.6,39919000
2026-08-27,123.4,124.88,117.69,123.05,123.05,55966000
2026-08-28,119.92,121.2,110.21,111.34,111.34,60996000
2026-08-31,112.41,115.05,110.33,112.79,112.79,34270000
2026-09-01,106.36,108.64,102.31,105.91,105.91,63954000
2026-09-02,104.5,108.07,101.34,106.35,106.35,47235000
2026-09-03,103.0,107.49,98.62,106.74,106.74,55094000
2026-09-04,111.22,118.18,109.73,117.28,117.28,63548000
2026-09-08,125.12,127.54,121.6,123.27,123.27,52643000
2026-09-09,121.24,128.48,121.24,125.87,125.87,40631000
2026-09-10,116.35,119.32,113.55,115.76,115.76,54499000
2026-09-11,120.71,124.5,117.87,121.82,121.82,53536000
2026-09-14,101.53,105.39,99.87,101.13,101.13,101136000
2026-09-15,104.55,105.94,100.96,102.32,102.32,57147000
2026-09-16,107.44,109.32,101.06,103.97,103.97,74638000
2026-09-17,113.33,115.48,112.01,114.82,114.82,56833000
2026-09-18,117.03,123.9,116.68,123.67,123.67,45460000
2026-09-21,132.07,144.0,129.62,141.93,141.93,62514000
2026-09-22,137.67,152.64,137.46,151.95,151.95,66531000
2026-09-23,149.89,151.0,139.58,146.25,146.25,62052000
2026-09-24,138.47,147.2,136.9,146.33,146.33,65336000
2026-09-25,149.24,153.9,147.39,151.45,151.45,56255000
